"channel","n","lambda","probability","ci_lower","ci_upper","collapse_coordinate","channel_display","population_label"
"Gaussian",25,0,1,0.999616001629323,1,-3.46823992264517,"Gaussian","n = 25"
"Gaussian",25,0.05,1,0.999616001629323,1,-3.29482792651291,"Gaussian","n = 25"
"Gaussian",25,0.1,1,0.999616001629323,1,-3.12141593038065,"Gaussian","n = 25"
"Gaussian",25,0.15,0.9997,0.999118264227764,0.999897967800582,-2.9480039342484,"Gaussian","n = 25"
"Gaussian",25,0.2,0.9988,0.997903527544183,0.99931339568123,-2.77459193811614,"Gaussian","n = 25"
"Gaussian",25,0.25,0.9954,0.993870194284531,0.996549340129802,-2.60117994198388,"Gaussian","n = 25"
"Gaussian",25,0.3,0.9892,0.986978018893896,0.991046277100234,-2.42776794585162,"Gaussian","n = 25"
"Gaussian",25,0.35,0.9778,0.974723572600068,0.980509478556913,-2.25435594971936,"Gaussian","n = 25"
"Gaussian",25,0.4,0.96,0.955979308348857,0.96366741315012,-2.0809439535871,"Gaussian","n = 25"
"Gaussian",25,0.45,0.9339,0.92886180390001,0.938604962313917,-1.90753195745484,"Gaussian","n = 25"
"Gaussian",25,0.5,0.9005,0.894478516619761,0.906213900685327,-1.73411996132259,"Gaussian","n = 25"
"Gaussian",25,0.55,0.8634,0.856529302816865,0.869991607167327,-1.56070796519033,"Gaussian","n = 25"
"Gaussian",25,0.6,0.8282,0.820681205058069,0.835466738411419,-1.38729596905807,"Gaussian","n = 25"
"Gaussian",25,0.65,0.789,0.780892776580774,0.796885272360975,-1.21388397292581,"Gaussian","n = 25"
"Gaussian",25,0.7,0.7437,0.735050555773584,0.752162283420548,-1.04047197679355,"Gaussian","n = 25"
"Gaussian",25,0.75,0.6999,0.690842097025998,0.708804380425406,-0.867059980661293,"Gaussian","n = 25"
"Gaussian",25,0.8,0.6566,0.647234695158097,0.665845036552207,-0.693647984529034,"Gaussian","n = 25"
"Gaussian",25,0.85,0.6158,0.606223886222619,0.625287179754733,-0.520235988396775,"Gaussian","n = 25"
"Gaussian",25,0.9,0.5753,0.565584851215552,0.584957318629824,-0.346823992264517,"Gaussian","n = 25"
"Gaussian",25,0.95,0.5377,0.527915465472402,0.547455581050449,-0.173411996132258,"Gaussian","n = 25"
"Gaussian",25,1,0.5055,0.49570054238992,0.515295233628002,0,"Gaussian","n = 25"
"Gaussian",25,1.05,0.4695,0.459732012805925,0.479291411094687,0.173411996132259,"Gaussian","n = 25"
"Gaussian",25,1.1,0.438,0.428301458915926,0.447746156882037,0.346823992264517,"Gaussian","n = 25"
"Gaussian",25,1.15,0.4076,0.398006236116966,0.417264726781935,0.520235988396776,"Gaussian","n = 25"
"Gaussian",25,1.2,0.3801,0.37063387298397,0.389658209825318,0.693647984529035,"Gaussian","n = 25"
"Gaussian",25,1.25,0.354,0.344684968492876,0.363427159031362,0.867059980661293,"Gaussian","n = 25"
"Gaussian",25,1.3,0.3332,0.32402716831763,0.342500933538828,1.04047197679355,"Gaussian","n = 25"
"Gaussian",25,1.35,0.3099,0.300910548949397,0.319035447231135,1.21388397292581,"Gaussian","n = 25"
"Gaussian",25,1.4,0.2878,0.279009323996287,0.296753644912228,1.38729596905807,"Gaussian","n = 25"
"Gaussian",25,1.45,0.2694,0.260794425676338,0.278182674372218,1.56070796519033,"Gaussian","n = 25"
"Gaussian",25,1.5,0.2521,0.24368577129429,0.260704615097891,1.73411996132259,"Gaussian","n = 25"
"Gaussian",25,1.55,0.2362,0.227977403135608,0.244625194404761,1.90753195745484,"Gaussian","n = 25"
"Gaussian",25,1.6,0.2215,0.213468930768828,0.229744956323639,2.0809439535871,"Gaussian","n = 25"
"Gaussian",25,1.65,0.2098,0.201931888183364,0.217890984470977,2.25435594971936,"Gaussian","n = 25"
"Gaussian",25,1.7,0.1979,0.190207826523378,0.205824185292185,2.42776794585162,"Gaussian","n = 25"
"Gaussian",25,1.75,0.1874,0.179872152095252,0.195167923686095,2.60117994198388,"Gaussian","n = 25"
"Gaussian",25,1.8,0.1785,0.171118530537555,0.18612838041479,2.77459193811614,"Gaussian","n = 25"
"Gaussian",25,1.85,0.1705,0.163255991338532,0.177997063587744,2.9480039342484,"Gaussian","n = 25"
"Gaussian",25,1.9,0.1626,0.155497515670496,0.169961606430036,3.12141593038065,"Gaussian","n = 25"
"Gaussian",25,1.95,0.1544,0.147450853799446,0.161614565874366,3.29482792651291,"Gaussian","n = 25"
"Gaussian",25,2,0.1477,0.14088130355484,0.154789261697139,3.46823992264517,"Gaussian","n = 25"
"Gaussian",50,0,1,0.999616001629323,1,-4.90483193616862,"Gaussian","n = 50"
"Gaussian",50,0.05,1,0.999616001629323,1,-4.65959033936018,"Gaussian","n = 50"
"Gaussian",50,0.1,1,0.999616001629323,1,-4.41434874255175,"Gaussian","n = 50"
"Gaussian",50,0.15,1,0.999616001629323,1,-4.16910714574332,"Gaussian","n = 50"
"Gaussian",50,0.2,1,0.999616001629323,1,-3.92386554893489,"Gaussian","n = 50"
"Gaussian",50,0.25,1,0.999616001629323,1,-3.67862395212646,"Gaussian","n = 50"
"Gaussian",50,0.3,0.9995,0.998829974053858,0.999786411573836,-3.43338235531803,"Gaussian","n = 50"
"Gaussian",50,0.35,0.9977,0.996550922517711,0.998466845504117,-3.1881407585096,"Gaussian","n = 50"
"Gaussian",50,0.4,0.9932,0.991389100163006,0.994632123844158,-2.94289916170117,"Gaussian","n = 50"
"Gaussian",50,0.45,0.9842,0.98156337755229,0.986464758425546,-2.69765756489274,"Gaussian","n = 50"
"Gaussian",50,0.5,0.9678,0.96415642687966,0.971084304244735,-2.45241596808431,"Gaussian","n = 50"
"Gaussian",50,0.55,0.9419,0.937143060209892,0.946317562030104,-2.20717437127588,"Gaussian","n = 50"
"Gaussian",50,0.6,0.9111,0.905362930824676,0.916521345714954,-1.96193277446745,"Gaussian","n = 50"
"Gaussian",50,0.65,0.8692,0.862449340122348,0.875667115480745,-1.71669117765902,"Gaussian","n = 50"
"Gaussian",50,0.7,0.8197,0.812042852952054,0.827111618489736,-1.47144958085058,"Gaussian","n = 50"
"Gaussian",50,0.75,0.7677,0.75932124005697,0.77587316721537,-1.22620798404215,"Gaussian","n = 50"
"Gaussian",50,0.8,0.7115,0.702540210273551,0.720297358415653,-0.980966387233723,"Gaussian","n = 50"
"Gaussian",50,0.85,0.6549,0.6455244320301,0.664156605274664,-0.735724790425292,"Gaussian","n = 50"
"Gaussian",50,0.9,0.5971,0.587451236824098,0.606674190692316,-0.490483193616861,"Gaussian","n = 50"
"Gaussian",50,0.95,0.5472,0.537427674425752,0.556936076128056,-0.24524159680843,"Gaussian","n = 50"
"Gaussian",50,1,0.4959,0.486103965494448,0.505699183292192,0,"Gaussian","n = 50"
"Gaussian",50,1.05,0.45,0.4402703556086,0.459768044228468,0.245241596808431,"Gaussian","n = 50"
"Gaussian",50,1.1,0.4104,0.400795009172248,0.420073803335777,0.490483193616862,"Gaussian","n = 50"
"Gaussian",50,1.15,0.3703,0.360887119028286,0.379812490149067,0.735724790425293,"Gaussian","n = 50"
"Gaussian",50,1.2,0.3309,0.32174411807275,0.340185750176213,0.980966387233724,"Gaussian","n = 50"
"Gaussian",50,1.25,0.3011,0.292186717328219,0.310166037223636,1.22620798404215,"Gaussian","n = 50"
"Gaussian",50,1.3,0.2729,0.264257789775029,0.281716622284932,1.47144958085058,"Gaussian","n = 50"
"Gaussian",50,1.35,0.2468,0.238447919639114,0.255346537135796,1.71669117765902,"Gaussian","n = 50"
"Gaussian",50,1.4,0.2239,0.215836678470503,0.232175365429785,1.96193277446745,"Gaussian","n = 50"
"Gaussian",50,1.45,0.204,0.196216315176713,0.212011011858727,2.20717437127588,"Gaussian","n = 50"
"Gaussian",50,1.5,0.1849,0.177412594697363,0.192629401075837,2.45241596808431,"Gaussian","n = 50"
"Gaussian",50,1.55,0.1671,0.159916177356917,0.17453948875828,2.69765756489274,"Gaussian","n = 50"
"Gaussian",50,1.6,0.1516,0.144704788956411,0.158762781108276,2.94289916170117,"Gaussian","n = 50"
"Gaussian",50,1.65,0.1377,0.131085247701411,0.144592997517982,3.1881407585096,"Gaussian","n = 50"
"Gaussian",50,1.7,0.1223,0.116023162529755,0.128866909839454,3.43338235531803,"Gaussian","n = 50"
"Gaussian",50,1.75,0.1108,0.10479679861935,0.117102105712384,3.67862395212646,"Gaussian","n = 50"
"Gaussian",50,1.8,0.1012,0.0954411684678713,0.10726510863258,3.92386554893489,"Gaussian","n = 50"
"Gaussian",50,1.85,0.0915,0.0860048259439137,0.0973089007249291,4.16910714574332,"Gaussian","n = 50"
"Gaussian",50,1.9,0.0836,0.0783336568272155,0.089186137015884,4.41434874255175,"Gaussian","n = 50"
"Gaussian",50,1.95,0.078,0.072904492162259,0.083419602462592,4.65959033936019,"Gaussian","n = 50"
"Gaussian",50,2,0.0704,0.0655492362802065,0.0755806951198789,4.90483193616862,"Gaussian","n = 50"
"Gaussian",100,0,1,0.999616001629323,1,-6.93647984529034,"Gaussian","n = 100"
"Gaussian",100,0.05,1,0.999616001629323,1,-6.58965585302583,"Gaussian","n = 100"
"Gaussian",100,0.1,1,0.999616001629323,1,-6.24283186076131,"Gaussian","n = 100"
"Gaussian",100,0.15,1,0.999616001629323,1,-5.89600786849679,"Gaussian","n = 100"
"Gaussian",100,0.2,1,0.999616001629323,1,-5.54918387623227,"Gaussian","n = 100"
"Gaussian",100,0.25,1,0.999616001629323,1,-5.20235988396776,"Gaussian","n = 100"
"Gaussian",100,0.3,1,0.999616001629323,1,-4.85553589170324,"Gaussian","n = 100"
"Gaussian",100,0.35,1,0.999616001629323,1,-4.50871189943872,"Gaussian","n = 100"
"Gaussian",100,0.4,0.9999,0.999433731102599,0.999982347326399,-4.1618879071742,"Gaussian","n = 100"
"Gaussian",100,0.45,0.9988,0.997903527544183,0.99931339568123,-3.81506391490969,"Gaussian","n = 100"
"Gaussian",100,0.5,0.9957,0.994213378416848,0.996805925598463,-3.46823992264517,"Gaussian","n = 100"
"Gaussian",100,0.55,0.9873,0.984910638050862,0.989315117137076,-3.12141593038065,"Gaussian","n = 100"
"Gaussian",100,0.6,0.9716,0.968158748257994,0.974679064478784,-2.77459193811614,"Gaussian","n = 100"
"Gaussian",100,0.65,0.9425,0.937765085182945,0.946895076259006,-2.42776794585162,"Gaussian","n = 100"
"Gaussian",100,0.7,0.8993,0.893247668302373,0.905045670598805,-2.0809439535871,"Gaussian","n = 100"
"Gaussian",100,0.75,0.8486,0.841440949414803,0.855491326921161,-1.73411996132259,"Gaussian","n = 100"
"Gaussian",100,0.8,0.7874,0.779271285983252,0.795307991753283,-1.38729596905807,"Gaussian","n = 100"
"Gaussian",100,0.85,0.7178,0.708896449158304,0.726536281151429,-1.04047197679355,"Gaussian","n = 100"
"Gaussian",100,0.9,0.6475,0.638081285887945,0.656805434592705,-0.693647984529034,"Gaussian","n = 100"
"Gaussian",100,0.95,0.5717,0.561975753577933,0.581369181055712,-0.346823992264517,"Gaussian","n = 100"
"Gaussian",100,1,0.4968,0.487003491196964,0.506598966392608,0,"Gaussian","n = 100"
"Gaussian",100,1.05,0.4306,0.420923514505296,0.440329784468554,0.346823992264517,"Gaussian","n = 100"
"Gaussian",100,1.1,0.3619,0.352536080684713,0.371369979665267,0.693647984529035,"Gaussian","n = 100"
"Gaussian",100,1.15,0.311,0.302001299370542,0.320143852013573,1.04047197679355,"Gaussian","n = 100"
"Gaussian",100,1.2,0.2635,0.254957742738989,0.272223888490341,1.38729596905807,"Gaussian","n = 100"
"Gaussian",100,1.25,0.2256,0.217514068903989,0.233896669401838,1.73411996132259,"Gaussian","n = 100"
"Gaussian",100,1.3,0.1909,0.183316395697765,0.198720992094987,2.0809439535871,"Gaussian","n = 100"
"Gaussian",100,1.35,0.1582,0.151178953837887,0.165483547448307,2.42776794585162,"Gaussian","n = 100"
"Gaussian",100,1.4,0.1336,0.127072263423023,0.140409130583009,2.77459193811614,"Gaussian","n = 100"
"Gaussian",100,1.45,0.1116,0.105577116804464,0.117921173129878,3.12141593038066,"Gaussian","n = 100"
"Gaussian",100,1.5,0.0958,0.0901857289832054,0.10172469529965,3.46823992264517,"Gaussian","n = 100"
"Gaussian",100,1.55,0.0795,0.0743579839949972,0.0849649586347418,3.81506391490969,"Gaussian","n = 100"
"Gaussian",100,1.6,0.0676,0.062843533501649,0.0726885482893121,4.16188790717421,"Gaussian","n = 100"
"Gaussian",100,1.65,0.0557,0.0513732261166891,0.0603679948354941,4.50871189943872,"Gaussian","n = 100"
"Gaussian",100,1.7,0.0472,0.043214611487336,0.0515331374371488,4.85553589170324,"Gaussian","n = 100"
"Gaussian",100,1.75,0.0391,0.0354745383495958,0.0430794313484939,5.20235988396776,"Gaussian","n = 100"
"Gaussian",100,1.8,0.0338,0.0304332481914122,0.0375247918894067,5.54918387623227,"Gaussian","n = 100"
"Gaussian",100,1.85,0.0295,0.0263600659501067,0.0330012765167,5.89600786849679,"Gaussian","n = 100"
"Gaussian",100,1.9,0.0249,0.0220235554628641,0.0281413197889528,6.24283186076131,"Gaussian","n = 100"
"Gaussian",100,1.95,0.0207,0.0180879636235755,0.0236801372145551,6.58965585302583,"Gaussian","n = 100"
"Gaussian",100,2,0.0184,0.0159449025597907,0.021224964670845,6.93647984529034,"Gaussian","n = 100"
"Gaussian",200,0,1,0.999616001629323,1,-9.80966387233723,"Gaussian","n = 200"
"Gaussian",200,0.05,1,0.999616001629323,1,-9.31918067872037,"Gaussian","n = 200"
"Gaussian",200,0.1,1,0.999616001629323,1,-8.82869748510351,"Gaussian","n = 200"
"Gaussian",200,0.15,1,0.999616001629323,1,-8.33821429148665,"Gaussian","n = 200"
"Gaussian",200,0.2,1,0.999616001629323,1,-7.84773109786978,"Gaussian","n = 200"
"Gaussian",200,0.25,1,0.999616001629323,1,-7.35724790425292,"Gaussian","n = 200"
"Gaussian",200,0.3,1,0.999616001629323,1,-6.86676471063606,"Gaussian","n = 200"
"Gaussian",200,0.35,1,0.999616001629323,1,-6.3762815170192,"Gaussian","n = 200"
"Gaussian",200,0.4,1,0.999616001629323,1,-5.88579832340234,"Gaussian","n = 200"
"Gaussian",200,0.45,0.9999,0.999433731102599,0.999982347326399,-5.39531512978548,"Gaussian","n = 200"
"Gaussian",200,0.5,0.9998,0.999271004155992,0.999945151072679,-4.90483193616862,"Gaussian","n = 200"
"Gaussian",200,0.55,0.9992,0.998422049746613,0.999594566280103,-4.41434874255175,"Gaussian","n = 200"
"Gaussian",200,0.6,0.9968,0.995486173072687,0.997732286146208,-3.92386554893489,"Gaussian","n = 200"
"Gaussian",200,0.65,0.9897,0.987524544269637,0.991499367726123,-3.43338235531803,"Gaussian","n = 200"
"Gaussian",200,0.7,0.9686,0.964997877655496,0.971842239071506,-2.94289916170117,"Gaussian","n = 200"
"Gaussian",200,0.75,0.9303,0.925142121889625,0.935127409112571,-2.45241596808431,"Gaussian","n = 200"
"Gaussian",200,0.8,0.872,0.865308811784237,0.878405493427979,-1.96193277446745,"Gaussian","n = 200"
"Gaussian",200,0.85,0.7933,0.785251451160694,0.801123295395067,-1.47144958085058,"Gaussian","n = 200"
"Gaussian",200,0.9,0.6992,0.690136397718815,0.708110617330308,-0.980966387233723,"Gaussian","n = 200"
"Gaussian",200,0.95,0.601,0.591365178988948,0.610557253340176,-0.490483193616861,"Gaussian","n = 200"
"Gaussian",200,1,0.5032,0.493401033607392,0.512996508803036,0,"Gaussian","n = 200"
"Gaussian",200,1.05,0.4114,0.401791077771038,0.421076966740246,0.490483193616862,"Gaussian","n = 200"
"Gaussian",200,1.1,0.3259,0.316781824966238,0.335151883266432,0.980966387233724,"Gaussian","n = 200"
"Gaussian",200,1.15,0.257,0.248529808819902,0.265656814388246,1.47144958085059,"Gaussian","n = 200"
"Gaussian",200,1.2,0.1977,0.190010875125315,0.205621290289596,1.96193277446745,"Gaussian","n = 200"
"Gaussian",200,1.25,0.1507,0.143822301031562,0.157845960230193,2.45241596808431,"Gaussian","n = 200"
"Gaussian",200,1.3,0.1114,0.105382027817494,0.117716415716196,2.94289916170117,"Gaussian","n = 200"
"Gaussian",200,1.35,0.0812,0.0760059459629093,0.0867156910723694,3.43338235531803,"Gaussian","n = 200"
"Gaussian",200,1.4,0.0612,0.056668408148963,0.0660685888211428,3.92386554893489,"Gaussian","n = 200"
"Gaussian",200,1.45,0.0464,0.0424485143793625,0.0506998489425152,4.41434874255176,"Gaussian","n = 200"
"Gaussian",200,1.5,0.0347,0.031287811116642,0.0384695377671097,4.90483193616862,"Gaussian","n = 200"
"Gaussian",200,1.55,0.0252,0.0223056121568231,0.0284590326959714,5.39531512978548,"Gaussian","n = 200"
"Gaussian",200,1.6,0.0177,0.0152946873600532,0.0204757174683014,5.88579832340234,"Gaussian","n = 200"
"Gaussian",200,1.65,0.0128,0.0107763679961683,0.0151978000162189,6.3762815170192,"Gaussian","n = 200"
"Gaussian",200,1.7,0.0093,0.00759806350135822,0.0113787924996238,6.86676471063606,"Gaussian","n = 200"
"Gaussian",200,1.75,0.0071,0.00563311602123976,0.00894542957257323,7.35724790425292,"Gaussian","n = 200"
"Gaussian",200,1.8,0.005,0.00379490107083823,0.0065852573161316,7.84773109786978,"Gaussian","n = 200"
"Gaussian",200,1.85,0.0034,0.00243418181630009,0.00474720536545591,8.33821429148665,"Gaussian","n = 200"
"Gaussian",200,1.9,0.0022,0.00145334957779264,0.00332895920005298,8.82869748510351,"Gaussian","n = 200"
"Gaussian",200,1.95,0.002,0.00129511171254329,0.0030873506646506,9.31918067872037,"Gaussian","n = 200"
"Gaussian",200,2,0.0018,0.00113892799151306,0.0028436879850291,9.80966387233723,"Gaussian","n = 200"
"Gaussian",500,0,1,0.999616001629323,1,-15.5104404586264,"Gaussian","n = 500"
"Gaussian",500,0.05,1,0.999616001629323,1,-14.7349184356951,"Gaussian","n = 500"
"Gaussian",500,0.1,1,0.999616001629323,1,-13.9593964127638,"Gaussian","n = 500"
"Gaussian",500,0.15,1,0.999616001629323,1,-13.1838743898325,"Gaussian","n = 500"
"Gaussian",500,0.2,1,0.999616001629323,1,-12.4083523669011,"Gaussian","n = 500"
"Gaussian",500,0.25,1,0.999616001629323,1,-11.6328303439698,"Gaussian","n = 500"
"Gaussian",500,0.3,1,0.999616001629323,1,-10.8573083210385,"Gaussian","n = 500"
"Gaussian",500,0.35,1,0.999616001629323,1,-10.0817862981072,"Gaussian","n = 500"
"Gaussian",500,0.4,1,0.999616001629323,1,-9.30626427517586,"Gaussian","n = 500"
"Gaussian",500,0.45,1,0.999616001629323,1,-8.53074225224454,"Gaussian","n = 500"
"Gaussian",500,0.5,1,0.999616001629323,1,-7.75522022931322,"Gaussian","n = 500"
"Gaussian",500,0.55,1,0.999616001629323,1,-6.97969820638189,"Gaussian","n = 500"
"Gaussian",500,0.6,1,0.999616001629323,1,-6.20417618345057,"Gaussian","n = 500"
"Gaussian",500,0.65,1,0.999616001629323,1,-5.42865416051925,"Gaussian","n = 500"
"Gaussian",500,0.7,0.9983,0.997279014584904,0.99893829263888,-4.65313213758793,"Gaussian","n = 500"
"Gaussian",500,0.75,0.9896,0.987415147909437,0.991408840885996,-3.87761011465661,"Gaussian","n = 500"
"Gaussian",500,0.8,0.9612,0.957234441861099,0.964811358041789,-3.10208809172529,"Gaussian","n = 500"
"Gaussian",500,0.85,0.9,0.893965631474089,0.90572716982937,-2.32656606879396,"Gaussian","n = 500"
"Gaussian",500,0.9,0.7958,0.787786189018452,0.803586637545455,-1.55104404586264,"Gaussian","n = 500"
"Gaussian",500,0.95,0.655,0.645625032092957,0.664255928412134,-0.77552202293132,"Gaussian","n = 500"
"Gaussian",500,1,0.4995,0.489702258711679,0.509298125286691,0,"Gaussian","n = 500"
"Gaussian",500,1.05,0.3535,0.3441881562556,0.362924355267008,0.775522022931322,"Gaussian","n = 500"
"Gaussian",500,1.1,0.2374,0.229162390305943,0.245839285638336,1.55104404586264,"Gaussian","n = 500"
"Gaussian",500,1.15,0.1456,0.138823190694573,0.152648987350562,2.32656606879397,"Gaussian","n = 500"
"Gaussian",500,1.2,0.0887,0.0832843920900025,0.094431484969716,3.10208809172529,"Gaussian","n = 500"
"Gaussian",500,1.25,0.0503,0.0461862651196792,0.0547591030149073,3.87761011465661,"Gaussian","n = 500"
"Gaussian",500,1.3,0.0273,0.0242830924426636,0.030679939616974,4.65313213758793,"Gaussian","n = 500"
"Gaussian",500,1.35,0.0126,0.0105934322318528,0.0149808893798827,5.42865416051925,"Gaussian","n = 500"
"Gaussian",500,1.4,0.0072,0.00572169385772118,0.00905677493641767,6.20417618345058,"Gaussian","n = 500"
"Gaussian",500,1.45,0.0041,0.0030238546563457,0.00555699492769134,6.9796982063819,"Gaussian","n = 500"
"Gaussian",500,1.5,0.0024,0.00161337880939784,0.00356877636909951,7.75522022931322,"Gaussian","n = 500"
"Gaussian",500,1.55,0.0013,0.000759911872579653,0.00222308810233318,8.53074225224454,"Gaussian","n = 500"
"Gaussian",500,1.6,6e-04,0.000275013476330998,0.00130852409630079,9.30626427517586,"Gaussian","n = 500"
"Gaussian",500,1.65,2e-04,5.48489273208578e-05,0.000728995844007467,10.0817862981072,"Gaussian","n = 500"
"Gaussian",500,1.7,1e-04,1.76526736011224e-05,0.000566268897401338,10.8573083210385,"Gaussian","n = 500"
"Gaussian",500,1.75,0,0,0.000383998370676596,11.6328303439698,"Gaussian","n = 500"
"Gaussian",500,1.8,0,0,0.000383998370676596,12.4083523669011,"Gaussian","n = 500"
"Gaussian",500,1.85,0,0,0.000383998370676596,13.1838743898325,"Gaussian","n = 500"
"Gaussian",500,1.9,0,0,0.000383998370676596,13.9593964127638,"Gaussian","n = 500"
"Gaussian",500,1.95,0,0,0.000383998370676596,14.7349184356951,"Gaussian","n = 500"
"Gaussian",500,2,0,0,0.000383998370676596,15.5104404586264,"Gaussian","n = 500"
"Laplace",25,0,1,0.999616001629323,1,-4.23869845240501,"Laplace","n = 25"
"Laplace",25,0.05,1,0.999616001629323,1,-4.02676352978476,"Laplace","n = 25"
"Laplace",25,0.1,1,0.999616001629323,1,-3.81482860716451,"Laplace","n = 25"
"Laplace",25,0.15,1,0.999616001629323,1,-3.60289368454426,"Laplace","n = 25"
"Laplace",25,0.2,0.9999,0.999433731102599,0.999982347326399,-3.39095876192401,"Laplace","n = 25"
"Laplace",25,0.25,0.9995,0.998829974053858,0.999786411573836,-3.17902383930376,"Laplace","n = 25"
"Laplace",25,0.3,0.9973,0.996074405846301,0.998143669374224,-2.96708891668351,"Laplace","n = 25"
"Laplace",25,0.35,0.9924,0.99049862266858,0.993923215735978,-2.75515399406325,"Laplace","n = 25"
"Laplace",25,0.4,0.9831,0.980381841081309,0.985447139692943,-2.543219071443,"Laplace","n = 25"
"Laplace",25,0.45,0.9663,0.962580220742288,0.969661662377219,-2.33128414882275,"Laplace","n = 25"
"Laplace",25,0.5,0.9431,0.938387249608755,0.947472451035152,-2.1193492262025,"Laplace","n = 25"
"Laplace",25,0.55,0.9137,0.908036197085638,0.919046082662464,-1.90741430358225,"Laplace","n = 25"
"Laplace",25,0.6,0.8762,0.869599957806104,0.882511121819799,-1.695479380962,"Laplace","n = 25"
"Laplace",25,0.65,0.8318,0.824341766101743,0.839003412579476,-1.48354445834175,"Laplace","n = 25"
"Laplace",25,0.7,0.7874,0.779271285983252,0.795307991753283,-1.2716095357215,"Laplace","n = 25"
"Laplace",25,0.75,0.7386,0.729897514188916,0.747119241788597,-1.05967461310125,"Laplace","n = 25"
"Laplace",25,0.8,0.688,0.678848559113973,0.697007057498652,-0.847739690481001,"Laplace","n = 25"
"Laplace",25,0.85,0.639,0.62953475888944,0.648358489563512,-0.635804767860751,"Laplace","n = 25"
"Laplace",25,0.9,0.5927,0.583036264879256,0.602292541822821,-0.423869845240501,"Laplace","n = 25"
"Laplace",25,0.95,0.5491,0.539330545645001,0.558831745714999,-0.21193492262025,"Laplace","n = 25"
"Laplace",25,1,0.5053,0.495500576876287,0.515095352740984,0,"Laplace","n = 25"
"Laplace",25,1.05,0.4653,0.4555390011546,0.475087648332325,0.211934922620251,"Laplace","n = 25"
"Laplace",25,1.1,0.426,0.416338337187617,0.435718494571243,0.423869845240501,"Laplace","n = 25"
"Laplace",25,1.15,0.389,0.379489081777891,0.398596165860399,0.635804767860752,"Laplace","n = 25"
"Laplace",25,1.2,0.3577,0.348361726266943,0.367147559669351,0.847739690481002,"Laplace","n = 25"
"Laplace",25,1.25,0.3297,0.320553060047001,0.338977729798052,1.05967461310125,"Laplace","n = 25"
"Laplace",25,1.3,0.3033,0.294367310729101,0.312383754229923,1.2716095357215,"Laplace","n = 25"
"Laplace",25,1.35,0.2769,0.268216750668548,0.285754589404448,1.48354445834175,"Laplace","n = 25"
"Laplace",25,1.4,0.2536,0.245168488688803,0.262220745708266,1.695479380962,"Laplace","n = 25"
"Laplace",25,1.45,0.2326,0.224422995617647,0.240982366710991,1.90741430358225,"Laplace","n = 25"
"Laplace",25,1.5,0.2159,0.207945725743635,0.224072462130584,2.1193492262025,"Laplace","n = 25"
"Laplace",25,1.55,0.1976,0.1899124005885,0.205519841626085,2.33128414882275,"Laplace","n = 25"
"Laplace",25,1.6,0.1811,0.17367507174088,0.188769842419938,2.543219071443,"Laplace","n = 25"
"Laplace",25,1.65,0.1663,0.159130496179686,0.173725784332904,2.75515399406326,"Laplace","n = 25"
"Laplace",25,1.7,0.1528,0.145881573113335,0.159985075355263,2.96708891668351,"Laplace","n = 25"
"Laplace",25,1.75,0.1406,0.13392491871895,0.147551099309892,3.17902383930376,"Laplace","n = 25"
"Laplace",25,1.8,0.1303,0.123843814257287,0.137040114137991,3.39095876192401,"Laplace","n = 25"
"Laplace",25,1.85,0.1196,0.113385666679145,0.126106479281266,3.60289368454426,"Laplace","n = 25"
"Laplace",25,1.9,0.1113,0.105284485679548,0.117614034653816,3.81482860716451,"Laplace","n = 25"
"Laplace",25,1.95,0.104,0.0981682829914225,0.110135843718153,4.02676352978476,"Laplace","n = 25"
"Laplace",25,2,0.0968,0.0911585485481332,0.10275110773798,4.23869845240501,"Laplace","n = 25"
"Laplace",50,0,1,0.999616001629323,1,-5.99442483820101,"Laplace","n = 50"
"Laplace",50,0.05,1,0.999616001629323,1,-5.69470359629096,"Laplace","n = 50"
"Laplace",50,0.1,1,0.999616001629323,1,-5.39498235438091,"Laplace","n = 50"
"Laplace",50,0.15,1,0.999616001629323,1,-5.09526111247086,"Laplace","n = 50"
"Laplace",50,0.2,1,0.999616001629323,1,-4.79553987056081,"Laplace","n = 50"
"Laplace",50,0.25,1,0.999616001629323,1,-4.49581862865076,"Laplace","n = 50"
"Laplace",50,0.3,0.9999,0.999433731102599,0.999982347326399,-4.19609738674071,"Laplace","n = 50"
"Laplace",50,0.35,0.9995,0.998829974053858,0.999786411573836,-3.89637614483066,"Laplace","n = 50"
"Laplace",50,0.4,0.9985,0.997526415450029,0.999090738174407,-3.59665490292061,"Laplace","n = 50"
"Laplace",50,0.45,0.9961,0.994673357685389,0.997145639131226,-3.29693366101056,"Laplace","n = 50"
"Laplace",50,0.5,0.9857,0.983179517246182,0.987847466736543,-2.99721241910051,"Laplace","n = 50"
"Laplace",50,0.55,0.9721,0.968686453419018,0.975150975319389,-2.69749117719046,"Laplace","n = 50"
"Laplace",50,0.6,0.9491,0.944617048620744,0.953238044042714,-2.3977699352804,"Laplace","n = 50"
"Laplace",50,0.65,0.9146,0.908961903351123,0.919919685199911,-2.09804869337035,"Laplace","n = 50"
"Laplace",50,0.7,0.8709,0.864185326785528,0.877329823223104,-1.7983274514603,"Laplace","n = 50"
"Laplace",50,0.75,0.8143,0.806558215184402,0.821800403439791,-1.49860620955025,"Laplace","n = 50"
"Laplace",50,0.8,0.7543,0.7457657306055,0.762638967823174,-1.1988849676402,"Laplace","n = 50"
"Laplace",50,0.85,0.6903,0.681166087342329,0.699287762877792,-0.899163725730151,"Laplace","n = 50"
"Laplace",50,0.9,0.6254,0.615866938824057,0.634836754384577,-0.599442483820101,"Laplace","n = 50"
"Laplace",50,0.95,0.5628,0.55305550702526,0.572496262779383,-0.29972124191005,"Laplace","n = 50"
"Laplace",50,1,0.5015,0.491701529891739,0.511297318113149,0,"Laplace","n = 50"
"Laplace",50,1.05,0.4426,0.432888856209495,0.452355226803459,0.299721241910051,"Laplace","n = 50"
"Laplace",50,1.1,0.3885,0.378991508990487,0.398094122646174,0.599442483820102,"Laplace","n = 50"
"Laplace",50,1.15,0.3401,0.330877798126699,0.349445004552243,0.899163725730152,"Laplace","n = 50"
"Laplace",50,1.2,0.2983,0.289411771901545,0.307343133041186,1.1988849676402,"Laplace","n = 50"
"Laplace",50,1.25,0.2614,0.252880758211403,0.270102485811084,1.49860620955025,"Laplace","n = 50"
"Laplace",50,1.3,0.2272,0.219092966343613,0.235516543167428,1.7983274514603,"Laplace","n = 50"
"Laplace",50,1.35,0.1994,0.191685060460476,0.207345799359975,2.09804869337035,"Laplace","n = 50"
"Laplace",50,1.4,0.173,0.165712417119357,0.180538717815066,2.39776993528041,"Laplace","n = 50"
"Laplace",50,1.45,0.15,0.143135981360774,0.157132817498699,2.69749117719046,"Laplace","n = 50"
"Laplace",50,1.5,0.133,0.126485170746801,0.139796684057275,2.99721241910051,"Laplace","n = 50"
"Laplace",50,1.55,0.1159,0.109773022607518,0.122321964940835,3.29693366101056,"Laplace","n = 50"
"Laplace",50,1.6,0.1,0.0942728301706305,0.106034368525911,3.59665490292061,"Laplace","n = 50"
"Laplace",50,1.65,0.089,0.0835757885669585,0.0947398580937377,3.89637614483066,"Laplace","n = 50"
"Laplace",50,1.7,0.0774,0.0723232543418793,0.0828013010810166,4.19609738674071,"Laplace","n = 50"
"Laplace",50,1.75,0.0679,0.0631333167739715,0.0729985346179672,4.49581862865076,"Laplace","n = 50"
"Laplace",50,1.8,0.0607,0.0561865628244272,0.0655508181440493,4.79553987056081,"Laplace","n = 50"
"Laplace",50,1.85,0.053,0.0487781606143201,0.0575651339290647,5.09526111247086,"Laplace","n = 50"
"Laplace",50,1.9,0.0474,0.0434061872899106,0.0517414080352258,5.39498235438091,"Laplace","n = 50"
"Laplace",50,1.95,0.0426,0.0388142881290349,0.04673699358046,5.69470359629096,"Laplace","n = 50"
"Laplace",50,2,0.0381,0.0345217887649311,0.0420329489299,5.99442483820101,"Laplace","n = 50"
"Laplace",100,0,1,0.999616001629323,1,-8.47739690481002,"Laplace","n = 100"
"Laplace",100,0.05,1,0.999616001629323,1,-8.05352705956951,"Laplace","n = 100"
"Laplace",100,0.1,1,0.999616001629323,1,-7.62965721432901,"Laplace","n = 100"
"Laplace",100,0.15,1,0.999616001629323,1,-7.20578736908851,"Laplace","n = 100"
"Laplace",100,0.2,1,0.999616001629323,1,-6.78191752384801,"Laplace","n = 100"
"Laplace",100,0.25,1,0.999616001629323,1,-6.35804767860751,"Laplace","n = 100"
"Laplace",100,0.3,1,0.999616001629323,1,-5.93417783336701,"Laplace","n = 100"
"Laplace",100,0.35,1,0.999616001629323,1,-5.51030798812651,"Laplace","n = 100"
"Laplace",100,0.4,1,0.999616001629323,1,-5.08643814288601,"Laplace","n = 100"
"Laplace",100,0.45,1,0.999616001629323,1,-4.66256829764551,"Laplace","n = 100"
"Laplace",100,0.5,0.9989,0.998031197079969,0.99938564934577,-4.23869845240501,"Laplace","n = 100"
"Laplace",100,0.55,0.9963,0.994904491255017,0.997314351962249,-3.81482860716451,"Laplace","n = 100"
"Laplace",100,0.6,0.9905,0.988401464294136,0.99222183330423,-3.39095876192401,"Laplace","n = 100"
"Laplace",100,0.65,0.9748,0.971540967304029,0.977694387843177,-2.96708891668351,"Laplace","n = 100"
"Laplace",100,0.7,0.9449,0.94025460060638,0.949203717643392,-2.543219071443,"Laplace","n = 100"
"Laplace",100,0.75,0.8975,0.891401879263923,0.903292842031389,-2.1193492262025,"Laplace","n = 100"
"Laplace",100,0.8,0.8327,0.825257094576185,0.839887392907967,-1.695479380962,"Laplace","n = 100"
"Laplace",100,0.85,0.7582,0.749709825966293,0.766491877275089,-1.2716095357215,"Laplace","n = 100"
"Laplace",100,0.9,0.6731,0.66384124868931,0.682225811074762,-0.847739690481001,"Laplace","n = 100"
"Laplace",100,0.95,0.5847,0.57501108824698,0.594323862429028,-0.4238698452405,"Laplace","n = 100"
"Laplace",100,1,0.4959,0.486103965494448,0.505699183292192,0,"Laplace","n = 100"
"Laplace",100,1.05,0.4109,0.401293038331773,0.420575390177881,0.423869845240501,"Laplace","n = 100"
"Laplace",100,1.1,0.3372,0.327998278894492,0.346526750975,0.847739690481002,"Laplace","n = 100"
"Laplace",100,1.15,0.2717,0.263070273794344,0.280505059861706,1.2716095357215,"Laplace","n = 100"
"Laplace",100,1.2,0.2151,0.207156874967789,0.223261927303823,1.695479380962,"Laplace","n = 100"
"Laplace",100,1.25,0.17,0.162764774887376,0.177488664037271,2.1193492262025,"Laplace","n = 100"
"Laplace",100,1.3,0.1345,0.127952986239665,0.141327716569299,2.543219071443,"Laplace","n = 100"
"Laplace",100,1.35,0.1054,0.0995323489873784,0.11157070252676,2.96708891668351,"Laplace","n = 100"
"Laplace",100,1.4,0.0845,0.0792068937525625,0.0901122088934697,3.39095876192401,"Laplace","n = 100"
"Laplace",100,1.45,0.0678,0.0630367192710174,0.0728952089205954,3.81482860716451,"Laplace","n = 100"
"Laplace",100,1.5,0.0535,0.049258495902062,0.0580844146429522,4.23869845240501,"Laplace","n = 100"
"Laplace",100,1.55,0.0411,0.037382024827491,0.045170408877116,4.66256829764551,"Laplace","n = 100"
"Laplace",100,1.6,0.0332,0.0298639100202967,0.0368945908585669,5.08643814288601,"Laplace","n = 100"
"Laplace",100,1.65,0.0258,0.0228700652288989,0.0290941188258508,5.51030798812651,"Laplace","n = 100"
"Laplace",100,1.7,0.022,0.019303308176877,0.0250637942654898,5.93417783336701,"Laplace","n = 100"
"Laplace",100,1.75,0.0176,0.0152018828930549,0.0203685987349739,6.35804767860751,"Laplace","n = 100"
"Laplace",100,1.8,0.0134,0.0113259817200134,0.0158477254943291,6.78191752384801,"Laplace","n = 100"
"Laplace",100,1.85,0.0106,0.00877235099287496,0.0128035066123433,7.20578736908851,"Laplace","n = 100"
"Laplace",100,1.9,0.0085,0.00687990595244201,0.0104975644459331,7.62965721432902,"Laplace","n = 100"
"Laplace",100,1.95,0.0072,0.00572169385772118,0.00905677493641767,8.05352705956952,"Laplace","n = 100"
"Laplace",100,2,0.0062,0.00483978481188496,0.00793945197899524,8.47739690481002,"Laplace","n = 100"
"Laplace",200,0,1,0.999616001629323,1,-11.988849676402,"Laplace","n = 200"
"Laplace",200,0.05,1,0.999616001629323,1,-11.3894071925819,"Laplace","n = 200"
"Laplace",200,0.1,1,0.999616001629323,1,-10.7899647087618,"Laplace","n = 200"
"Laplace",200,0.15,1,0.999616001629323,1,-10.1905222249417,"Laplace","n = 200"
"Laplace",200,0.2,1,0.999616001629323,1,-9.59107974112162,"Laplace","n = 200"
"Laplace",200,0.25,1,0.999616001629323,1,-8.99163725730152,"Laplace","n = 200"
"Laplace",200,0.3,1,0.999616001629323,1,-8.39219477348142,"Laplace","n = 200"
"Laplace",200,0.35,1,0.999616001629323,1,-7.79275228966131,"Laplace","n = 200"
"Laplace",200,0.4,1,0.999616001629323,1,-7.19330980584121,"Laplace","n = 200"
"Laplace",200,0.45,1,0.999616001629323,1,-6.59386732202111,"Laplace","n = 200"
"Laplace",200,0.5,1,0.999616001629323,1,-5.99442483820101,"Laplace","n = 200"
"Laplace",200,0.55,1,0.999616001629323,1,-5.39498235438091,"Laplace","n = 200"
"Laplace",200,0.6,0.9999,0.999433731102599,0.999982347326399,-4.79553987056081,"Laplace","n = 200"
"Laplace",200,0.65,0.9976,0.9964312236309,0.998386621190602,-4.19609738674071,"Laplace","n = 200"
"Laplace",200,0.7,0.9909,0.98884116893745,0.99258182146222,-3.59665490292061,"Laplace","n = 200"
"Laplace",200,0.75,0.9667,0.963000354642558,0.970041221278252,-2.99721241910051,"Laplace","n = 200"
"Laplace",200,0.8,0.9198,0.914314066251401,0.924963528716578,-2.3977699352804,"Laplace","n = 200"
"Laplace",200,0.85,0.8451,0.837876272967148,0.852058691357411,-1.7983274514603,"Laplace","n = 200"
"Laplace",200,0.9,0.7429,0.734242135080419,0.751371318511106,-1.1988849676402,"Laplace","n = 200"
"Laplace",200,0.95,0.6283,0.618780724299138,0.637720741718946,-0.5994424838201,"Laplace","n = 200"
"Laplace",200,1,0.5035,0.493700957781353,0.513296354230052,0,"Laplace","n = 200"
"Laplace",200,1.05,0.3904,0.380882341766114,0.400001830676739,0.599442483820102,"Laplace","n = 200"
"Laplace",200,1.1,0.2885,0.279702641584347,0.297459789726449,1.1988849676402,"Laplace","n = 200"
"Laplace",200,1.15,0.2079,0.200059272900685,0.215965058947464,1.7983274514603,"Laplace","n = 200"
"Laplace",200,1.2,0.1468,0.139999195511455,0.153872060937591,2.39776993528041,"Laplace","n = 200"
"Laplace",200,1.25,0.0981,0.092423496498031,0.104085161392319,2.99721241910051,"Laplace","n = 200"
"Laplace",200,1.3,0.0682,0.0634231276804913,0.073308493312425,3.59665490292061,"Laplace","n = 200"
"Laplace",200,1.35,0.0434,0.0395787116815283,0.0475719556305735,4.19609738674071,"Laplace","n = 200"
"Laplace",200,1.4,0.0288,0.0256986559552537,0.0322632241092719,4.79553987056081,"Laplace","n = 200"
"Laplace",200,1.45,0.0197,0.0171550099306644,0.0226138589042075,5.39498235438091,"Laplace","n = 200"
"Laplace",200,1.5,0.0113,0.009407908789373,0.0135674112181263,5.99442483820101,"Laplace","n = 200"
"Laplace",200,1.55,0.008,0.00643305005119701,0.00994480434554876,6.59386732202111,"Laplace","n = 200"
"Laplace",200,1.6,0.0056,0.004315267073552,0.00726443051537301,7.19330980584121,"Laplace","n = 200"
"Laplace",200,1.65,0.0031,0.00218486452450369,0.00439675305627471,7.79275228966132,"Laplace","n = 200"
"Laplace",200,1.7,0.0019,0.00121674415962871,0.00296579501723932,8.39219477348142,"Laplace","n = 200"
"Laplace",200,1.75,0.0014,0.000834162028874972,0.00234876114636373,8.99163725730152,"Laplace","n = 200"
"Laplace",200,1.8,9e-04,0.000473577060585006,0.00170973011302437,9.59107974112162,"Laplace","n = 200"
"Laplace",200,1.85,7e-04,0.00033912633168796,0.00144433444126969,10.1905222249417,"Laplace","n = 200"
"Laplace",200,1.9,5e-04,0.000213588426163826,0.00117002594614209,10.7899647087618,"Laplace","n = 200"
"Laplace",200,1.95,3e-04,0.00010203219941781,0.000881735772236379,11.3894071925819,"Laplace","n = 200"
"Laplace",200,2,2e-04,5.48489273208578e-05,0.000728995844007467,11.988849676402,"Laplace","n = 200"
"Laplace",500,0,1,0.999616001629323,1,-18.9560357514015,"Laplace","n = 500"
"Laplace",500,0.05,1,0.999616001629323,1,-18.0082339638314,"Laplace","n = 500"
"Laplace",500,0.1,1,0.999616001629323,1,-17.0604321762614,"Laplace","n = 500"
"Laplace",500,0.15,1,0.999616001629323,1,-16.1126303886913,"Laplace","n = 500"
"Laplace",500,0.2,1,0.999616001629323,1,-15.1648286011212,"Laplace","n = 500"
"Laplace",500,0.25,1,0.999616001629323,1,-14.2170268135511,"Laplace","n = 500"
"Laplace",500,0.3,1,0.999616001629323,1,-13.2692250259811,"Laplace","n = 500"
"Laplace",500,0.35,1,0.999616001629323,1,-12.321423238411,"Laplace","n = 500"
"Laplace",500,0.4,1,0.999616001629323,1,-11.3736214508409,"Laplace","n = 500"
"Laplace",500,0.45,1,0.999616001629323,1,-10.4258196632708,"Laplace","n = 500"
"Laplace",500,0.5,1,0.999616001629323,1,-9.47801787570075,"Laplace","n = 500"
"Laplace",500,0.55,1,0.999616001629323,1,-8.53021608813068,"Laplace","n = 500"
"Laplace",500,0.6,1,0.999616001629323,1,-7.5824143005606,"Laplace","n = 500"
"Laplace",500,0.65,1,0.999616001629323,1,-6.63461251299053,"Laplace","n = 500"
"Laplace",500,0.7,0.9998,0.999271004155992,0.999945151072679,-5.68681072542045,"Laplace","n = 500"
"Laplace",500,0.75,0.9977,0.996550922517711,0.998466845504117,-4.73900893785038,"Laplace","n = 500"
"Laplace",500,0.8,0.9857,0.983179517246182,0.987847466736543,-3.7912071502803,"Laplace","n = 500"
"Laplace",500,0.85,0.9455,0.940877344129093,0.949780513322634,-2.84340536271023,"Laplace","n = 500"
"Laplace",500,0.9,0.8509,0.843784157746242,0.857746352197217,-1.89560357514015,"Laplace","n = 500"
"Laplace",500,0.95,0.6947,0.685600351163313,0.703650119871146,-0.947801787570074,"Laplace","n = 500"
"Laplace",500,1,0.5028,0.493001140193847,0.512596709415277,0,"Laplace","n = 500"
"Laplace",500,1.05,0.3261,0.316980293957296,0.335353260676025,0.947801787570076,"Laplace","n = 500"
"Laplace",500,1.1,0.1888,0.181249729643078,0.196589270942831,1.89560357514015,"Laplace","n = 500"
"Laplace",500,1.15,0.0938,0.0882406682176809,0.0996712920586568,2.84340536271023,"Laplace","n = 500"
"Laplace",500,1.2,0.0464,0.0424485143793625,0.0506998489425152,3.7912071502803,"Laplace","n = 500"
"Laplace",500,1.25,0.0235,0.0207088571117907,0.0266570933354641,4.73900893785038,"Laplace","n = 500"
"Laplace",500,1.3,0.0103,0.00850063227387747,0.0124754557303632,5.68681072542045,"Laplace","n = 500"
"Laplace",500,1.35,0.0043,0.00319407440153684,0.00578662158315194,6.63461251299053,"Laplace","n = 500"
"Laplace",500,1.4,0.0013,0.000759911872579653,0.00222308810233318,7.58241430056061,"Laplace","n = 500"
"Laplace",500,1.45,6e-04,0.000275013476330998,0.00130852409630079,8.53021608813068,"Laplace","n = 500"
"Laplace",500,1.5,3e-04,0.00010203219941781,0.000881735772236379,9.47801787570075,"Laplace","n = 500"
"Laplace",500,1.55,0,0,0.000383998370676596,10.4258196632708,"Laplace","n = 500"
"Laplace",500,1.6,0,0,0.000383998370676596,11.3736214508409,"Laplace","n = 500"
"Laplace",500,1.65,0,0,0.000383998370676596,12.321423238411,"Laplace","n = 500"
"Laplace",500,1.7,0,0,0.000383998370676596,13.2692250259811,"Laplace","n = 500"
"Laplace",500,1.75,0,0,0.000383998370676596,14.2170268135511,"Laplace","n = 500"
"Laplace",500,1.8,0,0,0.000383998370676596,15.1648286011212,"Laplace","n = 500"
"Laplace",500,1.85,0,0,0.000383998370676596,16.1126303886913,"Laplace","n = 500"
"Laplace",500,1.9,0,0,0.000383998370676596,17.0604321762614,"Laplace","n = 500"
"Laplace",500,1.95,0,0,0.000383998370676596,18.0082339638314,"Laplace","n = 500"
"Laplace",500,2,0,0,0.000383998370676596,18.9560357514015,"Laplace","n = 500"
"Logistic",25,0,1,0.999616001629323,1,-5.1809954952193,"Logistic","n = 25"
"Logistic",25,0.05,1,0.999616001629323,1,-4.92194572045834,"Logistic","n = 25"
"Logistic",25,0.1,1,0.999616001629323,1,-4.66289594569737,"Logistic","n = 25"
"Logistic",25,0.15,1,0.999616001629323,1,-4.40384617093641,"Logistic","n = 25"
"Logistic",25,0.2,1,0.999616001629323,1,-4.14479639617544,"Logistic","n = 25"
"Logistic",25,0.25,1,0.999616001629323,1,-3.88574662141448,"Logistic","n = 25"
"Logistic",25,0.3,0.9997,0.999118264227764,0.999897967800582,-3.62669684665351,"Logistic","n = 25"
"Logistic",25,0.35,0.9986,0.997651238853636,0.999165837971125,-3.36764707189255,"Logistic","n = 25"
"Logistic",25,0.4,0.995,0.993414742683868,0.996205098929162,-3.10859729713158,"Logistic","n = 25"
"Logistic",25,0.45,0.9874,0.985019110620117,0.989406567768147,-2.84954752237062,"Logistic","n = 25"
"Logistic",25,0.5,0.9702,0.966682567280577,0.973356320651639,-2.59049774760965,"Logistic","n = 25"
"Logistic",25,0.55,0.9475,0.942954255416206,0.951702066042039,-2.33144797284869,"Logistic","n = 25"
"Logistic",25,0.6,0.917,0.911431347857505,0.922248397501351,-2.07239819808772,"Logistic","n = 25"
"Logistic",25,0.65,0.8767,0.870110967442479,0.882999728185053,-1.81334842332676,"Logistic","n = 25"
"Logistic",25,0.7,0.8293,0.821799583038755,0.836547515634317,-1.55429864856579,"Logistic","n = 25"
"Logistic",25,0.75,0.7763,0.768027153731178,0.784360648769186,-1.29524887380483,"Logistic","n = 25"
"Logistic",25,0.8,0.7247,0.715860491852678,0.73336693927954,-1.03619909904386,"Logistic","n = 25"
"Logistic",25,0.85,0.6681,0.658807617886433,0.677263281861345,-0.777149324282895,"Logistic","n = 25"
"Logistic",25,0.9,0.6081,0.598492191611873,0.617624787940387,-0.51809954952193,"Logistic","n = 25"
"Logistic",25,0.95,0.5529,0.543136718743891,0.562622654228492,-0.259049774760965,"Logistic","n = 25"
"Logistic",25,1,0.501,0.491201697405405,0.510797534597853,0,"Logistic","n = 25"
"Logistic",25,1.05,0.4519,0.442165957242861,0.461670983400398,0.259049774760965,"Logistic","n = 25"
"Logistic",25,1.1,0.4027,0.39312666250866,0.412348063574274,0.518099549521931,"Logistic","n = 25"
"Logistic",25,1.15,0.3629,0.353530089545084,0.372375202808155,0.777149324282896,"Logistic","n = 25"
"Logistic",25,1.2,0.3265,0.317377237642326,0.335756009792299,1.03619909904386,"Logistic","n = 25"
"Logistic",25,1.25,0.2916,0.28277335739677,0.300586693124128,1.29524887380483,"Logistic","n = 25"
"Logistic",25,1.3,0.2657,0.257133902155085,0.274446039481414,1.55429864856579,"Logistic","n = 25"
"Logistic",25,1.35,0.2367,0.228471136636346,0.245131076905652,1.81334842332676,"Logistic","n = 25"
"Logistic",25,1.4,0.2131,0.205184946034144,0.221235392230951,2.07239819808772,"Logistic","n = 25"
"Logistic",25,1.45,0.1907,0.183119554965923,0.198517986426178,2.33144797284869,"Logistic","n = 25"
"Logistic",25,1.5,0.1725,0.165221086423807,0.180030432508986,2.59049774760965,"Logistic","n = 25"
"Logistic",25,1.55,0.1538,0.146862342234548,0.161003538237308,2.84954752237062,"Logistic","n = 25"
"Logistic",25,1.6,0.1394,0.132749762116381,0.146327177508551,3.10859729713158,"Logistic","n = 25"
"Logistic",25,1.65,0.1257,0.119345893160607,0.132341568019682,3.36764707189255,"Logistic","n = 25"
"Logistic",25,1.7,0.1129,0.106845347377132,0.119251944161446,3.62669684665351,"Logistic","n = 25"
"Logistic",25,1.75,0.1016,0.095830671835656,0.107675298066099,3.88574662141448,"Logistic","n = 25"
"Logistic",25,1.8,0.0921,0.0865879865188058,0.0979252793519922,4.14479639617544,"Logistic","n = 25"
"Logistic",25,1.85,0.0839,0.0786247151789672,0.0894948482651099,4.40384617093641,"Logistic","n = 25"
"Logistic",25,1.9,0.0757,0.0706769181496784,0.0810489428676778,4.66289594569737,"Logistic","n = 25"
"Logistic",25,1.95,0.0684,0.0636163502204896,0.0735151171730784,4.92194572045834,"Logistic","n = 25"
"Logistic",25,2,0.0625,0.0579216187406575,0.0674143798336845,5.1809954952193,"Logistic","n = 25"
"Logistic",50,0,1,0.999616001629323,1,-7.32703409593305,"Logistic","n = 50"
"Logistic",50,0.05,1,0.999616001629323,1,-6.9606823911364,"Logistic","n = 50"
"Logistic",50,0.1,1,0.999616001629323,1,-6.59433068633974,"Logistic","n = 50"
"Logistic",50,0.15,1,0.999616001629323,1,-6.22797898154309,"Logistic","n = 50"
"Logistic",50,0.2,1,0.999616001629323,1,-5.86162727674644,"Logistic","n = 50"
"Logistic",50,0.25,1,0.999616001629323,1,-5.49527557194979,"Logistic","n = 50"
"Logistic",50,0.3,1,0.999616001629323,1,-5.12892386715313,"Logistic","n = 50"
"Logistic",50,0.35,1,0.999616001629323,1,-4.76257216235648,"Logistic","n = 50"
"Logistic",50,0.4,1,0.999616001629323,1,-4.39622045755983,"Logistic","n = 50"
"Logistic",50,0.45,0.9997,0.999118264227764,0.999897967800582,-4.02986875276318,"Logistic","n = 50"
"Logistic",50,0.5,0.9978,0.996671040799947,0.998546650422207,-3.66351704796652,"Logistic","n = 50"
"Logistic",50,0.55,0.9896,0.987415147909437,0.991408840885996,-3.29716534316987,"Logistic","n = 50"
"Logistic",50,0.6,0.9734,0.970059781936824,0.976376648405819,-2.93081363837322,"Logistic","n = 50"
"Logistic",50,0.65,0.9502,0.945760899176802,0.95429334869024,-2.56446193357657,"Logistic","n = 50"
"Logistic",50,0.7,0.9148,0.909167640409743,0.920113794541943,-2.19811022877991,"Logistic","n = 50"
"Logistic",50,0.75,0.8654,0.858570224497436,0.871949149493273,-1.83175852398326,"Logistic","n = 50"
"Logistic",50,0.8,0.8012,0.793262825461982,0.808905853919522,-1.46540681918661,"Logistic","n = 50"
"Logistic",50,0.85,0.7304,0.721615367322403,0.739007686228389,-1.09905511438996,"Logistic","n = 50"
"Logistic",50,0.9,0.6545,0.645122036335287,0.663759308168173,-0.732703409593305,"Logistic","n = 50"
"Logistic",50,0.95,0.5774,0.567690400739895,0.587050156312324,-0.366351704796652,"Logistic","n = 50"
"Logistic",50,1,0.4985,0.488702681886851,0.508298470108261,0,"Logistic","n = 50"
"Logistic",50,1.05,0.427,0.417335042087494,0.436721021674625,0.366351704796653,"Logistic","n = 50"
"Logistic",50,1.1,0.3682,0.358799070037645,0.377702151932865,0.732703409593305,"Logistic","n = 50"
"Logistic",50,1.15,0.312,0.302992942501348,0.321151440886026,1.09905511438996,"Logistic","n = 50"
"Logistic",50,1.2,0.2615,0.252979656480583,0.27020351074223,1.46540681918661,"Logistic","n = 50"
"Logistic",50,1.25,0.2197,0.211693378193256,0.227921891293345,1.83175852398326,"Logistic","n = 50"
"Logistic",50,1.3,0.1801,0.172691717557137,0.187753964600422,2.19811022877991,"Logistic","n = 50"
"Logistic",50,1.35,0.1487,0.141861527676175,0.155808269579062,2.56446193357657,"Logistic","n = 50"
"Logistic",50,1.4,0.1234,0.117097990340024,0.12999123723277,2.93081363837322,"Logistic","n = 50"
"Logistic",50,1.45,0.1019,0.0961228179968631,0.10798292150587,3.29716534316987,"Logistic","n = 50"
"Logistic",50,1.5,0.0852,0.0798862054580565,0.0908323595902568,3.66351704796652,"Logistic","n = 50"
"Logistic",50,1.55,0.0718,0.0669029544182109,0.0770259017864365,4.02986875276318,"Logistic","n = 50"
"Logistic",50,1.6,0.0599,0.0554157974265097,0.0647221979393598,4.39622045755983,"Logistic","n = 50"
"Logistic",50,1.65,0.0504,0.0462822019715975,0.0548630893633149,4.76257216235648,"Logistic","n = 50"
"Logistic",50,1.7,0.0435,0.0396742908030334,0.0476762997093944,5.12892386715314,"Logistic","n = 50"
"Logistic",50,1.75,0.0363,0.0328086111182889,0.0401475089706765,5.49527557194979,"Logistic","n = 50"
"Logistic",50,1.8,0.0296,0.0264545937507927,0.0331066719163399,5.86162727674644,"Logistic","n = 50"
"Logistic",50,1.85,0.0247,0.0218355819180774,0.0279294469330877,6.22797898154309,"Logistic","n = 50"
"Logistic",50,1.9,0.0214,0.018742041849824,0.0244255213905876,6.59433068633974,"Logistic","n = 50"
"Logistic",50,1.95,0.0184,0.0159449025597907,0.021224964670845,6.9606823911364,"Logistic","n = 50"
"Logistic",50,2,0.0156,0.0133505367791475,0.0182214808423639,7.32703409593305,"Logistic","n = 50"
"Logistic",100,0,1,0.999616001629323,1,-10.3619909904386,"Logistic","n = 100"
"Logistic",100,0.05,1,0.999616001629323,1,-9.84389144091667,"Logistic","n = 100"
"Logistic",100,0.1,1,0.999616001629323,1,-9.32579189139475,"Logistic","n = 100"
"Logistic",100,0.15,1,0.999616001629323,1,-8.80769234187281,"Logistic","n = 100"
"Logistic",100,0.2,1,0.999616001629323,1,-8.28959279235088,"Logistic","n = 100"
"Logistic",100,0.25,1,0.999616001629323,1,-7.77149324282895,"Logistic","n = 100"
"Logistic",100,0.3,1,0.999616001629323,1,-7.25339369330702,"Logistic","n = 100"
"Logistic",100,0.35,1,0.999616001629323,1,-6.73529414378509,"Logistic","n = 100"
"Logistic",100,0.4,1,0.999616001629323,1,-6.21719459426316,"Logistic","n = 100"
"Logistic",100,0.45,1,0.999616001629323,1,-5.69909504474123,"Logistic","n = 100"
"Logistic",100,0.5,1,0.999616001629323,1,-5.1809954952193,"Logistic","n = 100"
"Logistic",100,0.55,0.9998,0.999271004155992,0.999945151072679,-4.66289594569737,"Logistic","n = 100"
"Logistic",100,0.6,0.9973,0.996074405846301,0.998143669374224,-4.14479639617544,"Logistic","n = 100"
"Logistic",100,0.65,0.9912,0.989171535894861,0.992851224105787,-3.62669684665351,"Logistic","n = 100"
"Logistic",100,0.7,0.9751,0.971858680211047,0.977976444537136,-3.10859729713158,"Logistic","n = 100"
"Logistic",100,0.75,0.9421,0.93735038649858,0.946510082142068,-2.59049774760965,"Logistic","n = 100"
"Logistic",100,0.8,0.8901,0.883819466215629,0.89608093825557,-2.07239819808772,"Logistic","n = 100"
"Logistic",100,0.85,0.8132,0.805441274484012,0.820718188936596,-1.55429864856579,"Logistic","n = 100"
"Logistic",100,0.9,0.7175,0.708593723116556,0.7262392375922,-1.03619909904386,"Logistic","n = 100"
"Logistic",100,0.95,0.6093,0.599696966195082,0.618819091761088,-0.51809954952193,"Logistic","n = 100"
"Logistic",100,1,0.5055,0.49570054238992,0.515295233628002,0,"Logistic","n = 100"
"Logistic",100,1.05,0.4036,0.394022836174543,0.413251198711323,0.518099549521931,"Logistic","n = 100"
"Logistic",100,1.1,0.3142,0.305174730518869,0.323367963275674,1.03619909904386,"Logistic","n = 100"
"Logistic",100,1.15,0.2401,0.231828945356401,0.248570656996677,1.55429864856579,"Logistic","n = 100"
"Logistic",100,1.2,0.1791,0.171708449642627,0.186738000511673,2.07239819808772,"Logistic","n = 100"
"Logistic",100,1.25,0.1349,0.128344450689294,0.141735944920974,2.59049774760965,"Logistic","n = 100"
"Logistic",100,1.3,0.0977,0.092034248024847,0.103674717064199,3.10859729713158,"Logistic","n = 100"
"Logistic",100,1.35,0.0717,0.0668062416135247,0.0769226913907969,3.62669684665351,"Logistic","n = 100"
"Logistic",100,1.4,0.0516,0.0474338044280096,0.0561105653108132,4.14479639617544,"Logistic","n = 100"
"Logistic",100,1.45,0.0373,0.0337600888029582,0.0411952632892659,4.66289594569737,"Logistic","n = 100"
"Logistic",100,1.5,0.0269,0.0239060287545787,0.0302573105037555,5.1809954952193,"Logistic","n = 100"
"Logistic",100,1.55,0.0189,0.0164099461823601,0.0217595370499049,5.69909504474123,"Logistic","n = 100"
"Logistic",100,1.6,0.0142,0.0120605741397967,0.0167125186771527,6.21719459426316,"Logistic","n = 100"
"Logistic",100,1.65,0.0109,0.00904447482955511,0.0131311523766407,6.7352941437851,"Logistic","n = 100"
"Logistic",100,1.7,0.0075,0.00598789788843675,0.0093903405066797,7.25339369330703,"Logistic","n = 100"
"Logistic",100,1.75,0.0051,0.00388131108356161,0.00669877050373408,7.77149324282895,"Logistic","n = 100"
"Logistic",100,1.8,0.0039,0.00285436086877388,0.00532664231461144,8.28959279235088,"Logistic","n = 100"
"Logistic",100,1.85,0.0026,0.00177498837016645,0.00380701320898262,8.80769234187281,"Logistic","n = 100"
"Logistic",100,1.9,0.0019,0.00121674415962871,0.00296579501723932,9.32579189139475,"Logistic","n = 100"
"Logistic",100,1.95,0.0013,0.000759911872579653,0.00222308810233318,9.84389144091668,"Logistic","n = 100"
"Logistic",100,2,0.001,0.000543285986497247,0.001839944387438,10.3619909904386,"Logistic","n = 100"
"Logistic",200,0,1,0.999616001629323,1,-14.6540681918661,"Logistic","n = 200"
"Logistic",200,0.05,1,0.999616001629323,1,-13.9213647822728,"Logistic","n = 200"
"Logistic",200,0.1,1,0.999616001629323,1,-13.1886613726795,"Logistic","n = 200"
"Logistic",200,0.15,1,0.999616001629323,1,-12.4559579630862,"Logistic","n = 200"
"Logistic",200,0.2,1,0.999616001629323,1,-11.7232545534929,"Logistic","n = 200"
"Logistic",200,0.25,1,0.999616001629323,1,-10.9905511438996,"Logistic","n = 200"
"Logistic",200,0.3,1,0.999616001629323,1,-10.2578477343063,"Logistic","n = 200"
"Logistic",200,0.35,1,0.999616001629323,1,-9.52514432471296,"Logistic","n = 200"
"Logistic",200,0.4,1,0.999616001629323,1,-8.79244091511966,"Logistic","n = 200"
"Logistic",200,0.45,1,0.999616001629323,1,-8.05973750552635,"Logistic","n = 200"
"Logistic",200,0.5,1,0.999616001629323,1,-7.32703409593305,"Logistic","n = 200"
"Logistic",200,0.55,1,0.999616001629323,1,-6.59433068633974,"Logistic","n = 200"
"Logistic",200,0.6,1,0.999616001629323,1,-5.86162727674644,"Logistic","n = 200"
"Logistic",200,0.65,0.9996,0.998971871664643,0.999844437163377,-5.12892386715313,"Logistic","n = 200"
"Logistic",200,0.7,0.9973,0.996074405846301,0.998143669374224,-4.39622045755983,"Logistic","n = 200"
"Logistic",200,0.75,0.986,0.983503497632536,0.988123255951166,-3.66351704796652,"Logistic","n = 200"
"Logistic",200,0.8,0.9543,0.95002955372164,0.958221545358763,-2.93081363837322,"Logistic","n = 200"
"Logistic",200,0.85,0.8894,0.883102676926094,0.895398265142823,-2.19811022877991,"Logistic","n = 200"
"Logistic",200,0.9,0.7847,0.77653543476226,0.792645916565477,-1.46540681918661,"Logistic","n = 200"
"Logistic",200,0.95,0.6449,0.635466712076327,0.654222005195851,-0.732703409593304,"Logistic","n = 200"
"Logistic",200,1,0.497,0.487203390107267,0.506798913882957,0,"Logistic","n = 200"
"Logistic",200,1.05,0.3577,0.348361726266943,0.367147559669351,0.732703409593305,"Logistic","n = 200"
"Logistic",200,1.1,0.245,0.236669415158414,0.253526424010631,1.46540681918661,"Logistic","n = 200"
"Logistic",200,1.15,0.1559,0.148922295732868,0.163141971945831,2.19811022877992,"Logistic","n = 200"
"Logistic",200,1.2,0.0964,0.0907693978673809,0.102340565617429,2.93081363837322,"Logistic","n = 200"
"Logistic",200,1.25,0.056,0.0516617528236581,0.0606792377295027,3.66351704796652,"Logistic","n = 200"
"Logistic",200,1.3,0.033,0.0296741981023485,0.0366844563758634,4.39622045755983,"Logistic","n = 200"
"Logistic",200,1.35,0.0185,0.0160378718578467,0.0213319185731149,5.12892386715314,"Logistic","n = 200"
"Logistic",200,1.4,0.0102,0.00841015237783062,0.0123660124260842,5.86162727674644,"Logistic","n = 200"
"Logistic",200,1.45,0.0057,0.00440241582972305,0.00737720495952783,6.59433068633975,"Logistic","n = 200"
"Logistic",200,1.5,0.0032,0.0022677138537915,0.00451382692731277,7.32703409593305,"Logistic","n = 200"
"Logistic",200,1.55,0.0016,0.000985132659693478,0.00259763691619695,8.05973750552635,"Logistic","n = 200"
"Logistic",200,1.6,8e-04,0.00040543371989688,0.00157795025338663,8.79244091511966,"Logistic","n = 200"
"Logistic",200,1.65,5e-04,0.000213588426163826,0.00117002594614209,9.52514432471296,"Logistic","n = 200"
"Logistic",200,1.7,3e-04,0.00010203219941781,0.000881735772236379,10.2578477343063,"Logistic","n = 200"
"Logistic",200,1.75,3e-04,0.00010203219941781,0.000881735772236379,10.9905511438996,"Logistic","n = 200"
"Logistic",200,1.8,1e-04,1.76526736011224e-05,0.000566268897401338,11.7232545534929,"Logistic","n = 200"
"Logistic",200,1.85,1e-04,1.76526736011224e-05,0.000566268897401338,12.4559579630862,"Logistic","n = 200"
"Logistic",200,1.9,1e-04,1.76526736011224e-05,0.000566268897401338,13.1886613726795,"Logistic","n = 200"
"Logistic",200,1.95,1e-04,1.76526736011224e-05,0.000566268897401338,13.9213647822728,"Logistic","n = 200"
"Logistic",200,2,0,0,0.000383998370676596,14.6540681918661,"Logistic","n = 200"
"Logistic",500,0,1,0.999616001629323,1,-23.1701162368611,"Logistic","n = 500"
"Logistic",500,0.05,1,0.999616001629323,1,-22.011610425018,"Logistic","n = 500"
"Logistic",500,0.1,1,0.999616001629323,1,-20.853104613175,"Logistic","n = 500"
"Logistic",500,0.15,1,0.999616001629323,1,-19.6945988013319,"Logistic","n = 500"
"Logistic",500,0.2,1,0.999616001629323,1,-18.5360929894889,"Logistic","n = 500"
"Logistic",500,0.25,1,0.999616001629323,1,-17.3775871776458,"Logistic","n = 500"
"Logistic",500,0.3,1,0.999616001629323,1,-16.2190813658028,"Logistic","n = 500"
"Logistic",500,0.35,1,0.999616001629323,1,-15.0605755539597,"Logistic","n = 500"
"Logistic",500,0.4,1,0.999616001629323,1,-13.9020697421167,"Logistic","n = 500"
"Logistic",500,0.45,1,0.999616001629323,1,-12.7435639302736,"Logistic","n = 500"
"Logistic",500,0.5,1,0.999616001629323,1,-11.5850581184305,"Logistic","n = 500"
"Logistic",500,0.55,1,0.999616001629323,1,-10.4265523065875,"Logistic","n = 500"
"Logistic",500,0.6,1,0.999616001629323,1,-9.26804649474444,"Logistic","n = 500"
"Logistic",500,0.65,1,0.999616001629323,1,-8.10954068290138,"Logistic","n = 500"
"Logistic",500,0.7,1,0.999616001629323,1,-6.95103487105833,"Logistic","n = 500"
"Logistic",500,0.75,1,0.999616001629323,1,-5.79252905921527,"Logistic","n = 500"
"Logistic",500,0.8,0.997,0.9957205933136,0.997897712305948,-4.63402324737222,"Logistic","n = 500"
"Logistic",500,0.85,0.9744,0.971117526897777,0.977318135448125,-3.47551743552916,"Logistic","n = 500"
"Logistic",500,0.9,0.897,0.890889261477331,0.902805843816352,-2.31701162368611,"Logistic","n = 500"
"Logistic",500,0.95,0.7274,0.718586260829576,0.73603909671144,-1.15850581184305,"Logistic","n = 500"
"Logistic",500,1,0.4949,0.485104529713367,0.504699387070013,0,"Logistic","n = 500"
"Logistic",500,1.05,0.2895,0.280693140020744,0.29846852329331,1.15850581184306,"Logistic","n = 500"
"Logistic",500,1.1,0.143,0.136275733522412,0.149998441314251,2.31701162368611,"Logistic","n = 500"
"Logistic",500,1.15,0.0596,0.0551268205169274,0.0644114052479645,3.47551743552917,"Logistic","n = 500"
"Logistic",500,1.2,0.0206,0.0179945903728368,0.023573587264968,4.63402324737222,"Logistic","n = 500"
"Logistic",500,1.25,0.0062,0.00483978481188496,0.00793945197899524,5.79252905921527,"Logistic","n = 500"
"Logistic",500,1.3,0.0018,0.00113892799151306,0.0028436879850291,6.95103487105833,"Logistic","n = 500"
"Logistic",500,1.35,3e-04,0.00010203219941781,0.000881735772236379,8.10954068290138,"Logistic","n = 500"
"Logistic",500,1.4,1e-04,1.76526736011224e-05,0.000566268897401338,9.26804649474444,"Logistic","n = 500"
"Logistic",500,1.45,0,0,0.000383998370676596,10.4265523065875,"Logistic","n = 500"
"Logistic",500,1.5,0,0,0.000383998370676596,11.5850581184305,"Logistic","n = 500"
"Logistic",500,1.55,0,0,0.000383998370676596,12.7435639302736,"Logistic","n = 500"
"Logistic",500,1.6,0,0,0.000383998370676596,13.9020697421167,"Logistic","n = 500"
"Logistic",500,1.65,0,0,0.000383998370676596,15.0605755539597,"Logistic","n = 500"
"Logistic",500,1.7,0,0,0.000383998370676596,16.2190813658028,"Logistic","n = 500"
"Logistic",500,1.75,0,0,0.000383998370676596,17.3775871776458,"Logistic","n = 500"
"Logistic",500,1.8,0,0,0.000383998370676596,18.5360929894889,"Logistic","n = 500"
"Logistic",500,1.85,0,0,0.000383998370676596,19.6945988013319,"Logistic","n = 500"
"Logistic",500,1.9,0,0,0.000383998370676596,20.853104613175,"Logistic","n = 500"
"Logistic",500,1.95,0,0,0.000383998370676596,22.011610425018,"Logistic","n = 500"
"Logistic",500,2,0,0,0.000383998370676596,23.1701162368611,"Logistic","n = 500"
