"sigma","index","singular_value","normalized_singular_value"
0.1,1,2.04740182004258,1
0.1,2,1.83767724565857,0.897565503590471
0.1,3,1.53695678275202,0.750686439616457
0.1,4,1.20035235741972,0.586280790448235
0.1,5,0.878004814486514,0.428838543509868
0.1,6,0.603686147376405,0.294854747840289
0.1,7,0.391763612177037,0.191346714817753
0.1,8,0.24096490413733,0.117693020382446
0.1,9,0.141038674322983,0.0688866606165514
0.1,10,0.0788423208002678,0.0385084745106986
0.1,11,0.0422300333466386,0.0206261579594377
0.1,12,0.0217351046222789,0.0106159447596011
0.1,13,0.0107764166896342,0.00526345956330644
0.1,14,0.00515861440195026,0.00251959061062228
0.1,15,0.00238896740545675,0.001166828798368
0.1,16,0.00107223975481233,0.000523707532305517
0.1,17,0.00046718578067666,0.000228184705172795
0.1,18,0.000197901865303719,9.66600026269404e-05
0.1,19,8.16135390261664e-05,3.98620037489607e-05
0.1,20,3.28069403796238e-05,1.60236940587175e-05
0.1,21,1.28693008587411e-05,6.28567423002164e-06
0.1,22,4.93156403089616e-06,2.40869378087863e-06
0.1,23,1.84788196047631e-06,9.02549730290793e-07
0.1,24,6.77658937436823e-07,3.30984827112603e-07
0.1,25,2.4341904271907e-07,1.18891680341481e-07
0.1,26,8.5711226353721e-08,4.18634122108665e-08
0.1,27,2.96053898758348e-08,1.44599802471696e-08
0.1,28,1.00379009287536e-08,4.90275080860523e-09
0.1,29,3.34290575443552e-09,1.6327550956099e-09
0.1,30,1.09412567211074e-09,5.34397137581906e-10
0.1,31,3.52134903164017e-10,1.71991105857615e-10
0.1,32,1.11499247465366e-10,5.44588982845815e-11
0.1,33,3.47507789803447e-11,1.69731113063199e-11
0.1,34,1.06655806955769e-11,5.20932461384405e-12
0.1,35,3.22492241746519e-12,1.57512921298376e-12
0.1,36,9.61051104550523e-13,4.69400337121188e-13
0.1,37,2.82377635435787e-13,1.37919988480773e-13
0.1,38,8.18162954172125e-14,3.99610348180265e-14
0.1,39,2.33792223479641e-14,1.14189711658447e-14
0.1,40,6.62521158261924e-15,3.23591173836186e-15
0.1,41,2.07580064655694e-15,1.01387066585384e-15
0.1,42,1.66504074457942e-15,8.13245708917455e-16
0.1,43,1.21904331114537e-15,5.95409899127674e-16
0.1,44,1.04818404058123e-15,5.11958146329783e-16
0.1,45,9.59728421774567e-16,4.68754307229543e-16
0.1,46,8.65727933125431e-16,4.22842221126591e-16
0.1,47,8.27118846733026e-16,4.03984620232399e-16
0.1,48,6.67776007221994e-16,3.26157767705855e-16
0.1,49,5.9834389693336e-16,2.92245464996663e-16
0.1,50,5.75030796130252e-16,2.80858789174219e-16
0.1,51,4.88436566519728e-16,2.38564097061108e-16
0.1,52,4.48212917280521e-16,2.18917905070143e-16
0.1,53,4.34017235379519e-16,2.11984394626792e-16
0.1,54,3.862340829955e-16,1.88645960560623e-16
0.1,55,3.66034626267308e-16,1.7878006294812e-16
0.1,56,3.39913969992326e-16,1.66022109907696e-16
0.1,57,3.11936994842307e-16,1.52357486346192e-16
0.1,58,3.00075582004205e-16,1.46564088722928e-16
0.1,59,2.72871383993727e-16,1.33276907992614e-16
0.1,60,2.68506677523757e-16,1.31145080997423e-16
0.1,61,2.39982472497827e-16,1.1721317728087e-16
0.1,62,2.1980601243287e-16,1.07358511788516e-16
0.1,63,2.10721161656034e-16,1.02921253460472e-16
0.1,64,1.9532611274196e-16,9.54019434924101e-17
0.1,65,1.83599082921998e-16,8.96741817481532e-17
0.1,66,1.68027420590016e-16,8.20686095641556e-17
0.1,67,1.61069217712233e-16,7.86700569157855e-17
0.1,68,1.46285509680989e-16,7.1449340451376e-17
0.1,69,1.45723616122404e-16,7.11748982031154e-17
0.1,70,1.37146562389773e-16,6.69856600923215e-17
0.1,71,1.28376142010084e-16,6.27019770879238e-17
0.1,72,1.22148647582502e-16,5.96603199170552e-17
0.1,73,1.15709214641528e-16,5.65151469090327e-17
0.1,74,1.11887249682345e-16,5.46484078440536e-17
0.1,75,1.10165453842984e-16,5.38074415898942e-17
0.1,76,1.0700566975932e-16,5.22641274965238e-17
0.1,77,1.04260943260447e-16,5.09235374511283e-17
0.1,78,1.03831141003945e-16,5.0713611752961e-17
0.1,79,1.0154310874345e-16,4.95960820926387e-17
0.1,80,9.9262912189087e-17,4.84823795785345e-17
0.1,81,9.879685244357e-17,4.82547448558559e-17
0.1,82,9.59628551750112e-17,4.68705528321818e-17
0.1,83,9.48995016024388e-17,4.6351185523741e-17
0.1,84,9.28939290733554e-17,4.53716159495371e-17
0.1,85,9.11347933654721e-17,4.45124120108365e-17
0.1,86,9.00619196355658e-17,4.39883948299375e-17
0.1,87,8.92239164539584e-17,4.35790940403201e-17
0.1,88,8.84308734006861e-17,4.31917528523282e-17
0.1,89,8.70931716182817e-17,4.2538387318846e-17
0.1,90,8.5711968540383e-17,4.18637747125771e-17
0.1,91,8.36636641943487e-17,4.08633338973043e-17
0.1,92,8.22007697856514e-17,4.01488212919248e-17
0.1,93,8.02839560169375e-17,3.92126036184083e-17
0.1,94,7.87396978331052e-17,3.84583509999359e-17
0.1,95,7.67018271904826e-17,3.74630062548676e-17
0.1,96,7.59934462923388e-17,3.71170160876179e-17
0.1,97,7.49991256308826e-17,3.6631366103466e-17
0.1,98,7.3591604606107e-17,3.59438991827097e-17
0.1,99,7.25821102935999e-17,3.54508380245995e-17
0.1,100,7.17129540591321e-17,3.50263213391304e-17
0.1,101,6.99923817622772e-17,3.41859526923843e-17
0.1,102,6.94288528214313e-17,3.39107116843275e-17
0.1,103,6.79746397286762e-17,3.32004392412147e-17
0.1,104,6.60715968127537e-17,3.22709475814471e-17
0.1,105,6.54336183740465e-17,3.19593436586305e-17
0.1,106,6.50771779089892e-17,3.1785249613403e-17
0.1,107,6.41749537386823e-17,3.13445817574527e-17
0.1,108,6.16497401700425e-17,3.01112070754925e-17
0.1,109,6.02778731015768e-17,2.94411543994442e-17
0.1,110,5.99943038821652e-17,2.93026524128602e-17
0.1,111,5.8473671718229e-17,2.85599393073768e-17
0.1,112,5.69262721235742e-17,2.78041523487511e-17
0.1,113,5.66401679782203e-17,2.76644122437296e-17
0.1,114,5.57678532069663e-17,2.72383528533771e-17
0.1,115,5.29621642286351e-17,2.58679872754697e-17
0.1,116,5.17319122323401e-17,2.52671027865278e-17
0.1,117,5.1215102366317e-17,2.50146804916154e-17
0.1,118,4.98542606910299e-17,2.43500128812003e-17
0.1,119,4.78820927851769e-17,2.33867589236494e-17
0.1,120,4.68940671209667e-17,2.29041835666588e-17
0.1,121,4.58800722807986e-17,2.24089242432364e-17
0.1,122,4.4135515408192e-17,2.15568409562487e-17
0.1,123,4.3098443054295e-17,2.10503100233635e-17
0.1,124,4.10936554818749e-17,2.00711238407613e-17
0.1,125,3.95656266788747e-17,1.93247980399137e-17
0.1,126,3.87914984490961e-17,1.89466953039483e-17
0.1,127,3.70169655060651e-17,1.80799709874709e-17
0.1,128,3.35806024070893e-17,1.64015690903268e-17
0.1,129,3.31756149738268e-17,1.62037635451241e-17
0.1,130,3.12454171273193e-17,1.52610087680148e-17
0.1,131,3.07556467648415e-17,1.50217932131182e-17
0.1,132,2.97627965908617e-17,1.45368614502075e-17
0.1,133,2.79871212495797e-17,1.36695791591108e-17
0.1,134,2.65620510780744e-17,1.29735408155112e-17
0.1,135,2.56394852443959e-17,1.25229376048238e-17
0.1,136,2.41403219906269e-17,1.17907104283637e-17
0.1,137,2.36970094089422e-17,1.15741859643601e-17
0.1,138,2.17911987334975e-17,1.06433424646679e-17
0.1,139,2.03364336484349e-17,9.93280041531465e-18
0.1,140,1.9448852586599e-17,9.49928460364195e-18
0.1,141,1.79545872990675e-17,8.76944971099714e-18
0.1,142,1.67101153892811e-17,8.16161987632383e-18
0.1,143,1.55071737193895e-17,7.57407440375675e-18
0.1,144,1.52011968400303e-17,7.42462798031219e-18
0.1,145,1.46095579785148e-17,7.13565741492354e-18
0.1,146,1.3343089640383e-17,6.51708399873623e-18
0.1,147,1.26088168720569e-17,6.15844762304383e-18
0.1,148,1.03689192522145e-17,5.064428072062e-18
0.1,149,1.01385071980917e-17,4.95188931593349e-18
0.1,150,8.43460931850271e-18,4.11966485324668e-18
0.1,151,7.19603350887605e-18,3.51471481486052e-18
0.1,152,6.37616474295477e-18,3.11427130743791e-18
0.1,153,5.68911090878223e-18,2.77869778813809e-18
0.1,154,5.18475186365006e-18,2.53235677183398e-18
0.1,155,4.27956979530092e-18,2.09024420775982e-18
0.1,156,3.2321062484284e-18,1.57863796778356e-18
0.1,157,3.02013905112024e-18,1.47510812071927e-18
0.1,158,2.89370862336003e-18,1.41335647699085e-18
0.1,159,2.17405131877673e-18,1.06185864322984e-18
0.1,160,1.96984078777268e-18,9.6211733744171e-19
0.1,161,1.56567175204808e-18,7.64711517163502e-19
0.1,162,1.40931469717676e-18,6.88342993241772e-19
0.1,163,1.1672759779756e-18,5.70125495908428e-19
0.1,164,7.9123137598714e-19,3.86456321490758e-19
0.1,165,6.51970159093776e-19,3.18437813579855e-19
0.1,166,6.23435053465897e-19,3.04500585748688e-19
0.1,167,4.68693889511474e-19,2.28921301584916e-19
0.1,168,3.80444805695562e-19,1.85818339112177e-19
0.1,169,2.94244412320788e-19,1.43716006032791e-19
0.1,170,1.76136134823104e-19,8.60290994658982e-20
0.1,171,1.57639099811877e-19,7.69947053229631e-20
0.1,172,1.06761760938388e-19,5.21449965967929e-20
0.1,173,7.88394454531481e-20,3.8507070122419e-20
0.1,174,7.43374170534917e-20,3.63081718135552e-20
0.1,175,6.50193367239717e-20,3.17569985957223e-20
0.1,176,6.06519856910931e-20,2.96238799327782e-20
0.1,177,4.69022674542146e-20,2.29081888054779e-20
0.1,178,2.89177578717108e-20,1.41241243358421e-20
0.1,179,2.37824107015879e-20,1.16158979975378e-20
0.1,180,1.91233473688316e-20,9.34030007281806e-21
0.1,181,1.32704064541241e-20,6.48158379279356e-21
0.1,182,9.31400536293851e-21,4.54918290672653e-21
0.1,183,7.68507004610407e-21,3.75357195196018e-21
0.1,184,6.57047711426718e-21,3.2091781153787e-21
0.1,185,3.81251113799869e-21,1.86212159268247e-21
0.1,186,3.38993631037809e-21,1.65572594358033e-21
0.1,187,2.33368616255353e-21,1.13982811762128e-21
0.1,188,1.72124965254855e-21,8.40699483461798e-22
0.1,189,1.25983502501371e-21,6.15333547465297e-22
0.1,190,1.1916665435327e-21,5.82038431277706e-22
0.1,191,5.87819939539664e-22,2.87105312589513e-22
0.1,192,4.74081308079784e-22,2.3155264562084e-22
0.1,193,2.71263798659855e-22,1.32491724879981e-22
0.1,194,2.32388689967089e-22,1.13504192333997e-22
0.1,195,1.48854179783394e-22,7.27039403434242e-23
0.1,196,1.38399325154725e-22,6.75975393788829e-23
0.1,197,6.37538360828458e-23,3.11388978258893e-23
0.1,198,4.37530901091526e-23,2.1370055296836e-23
0.1,199,3.15177970627457e-23,1.53940456407771e-23
0.1,200,1.6550748746469e-23,8.08378139769591e-24
0.1,201,1.17116457385748e-23,5.72024779109126e-24
0.1,202,6.22180954292637e-24,3.03888053728357e-24
0.1,203,4.41457271821324e-24,2.15618286307932e-24
0.1,204,4.13370108581431e-24,2.0189984424886e-24
0.1,205,1.96202178420867e-24,9.58298349157405e-25
0.1,206,8.48953493586971e-25,4.1464918379789e-25
0.1,207,3.9927669336353e-25,1.95016283298618e-25
0.1,208,1.72781952964588e-25,8.4390836851456e-26
0.1,209,7.07893652892454e-26,3.45752185019417e-26
0.1,210,3.67709786387906e-26,1.79598251202228e-26
0.1,211,1.36843145338569e-26,6.68374639501509e-27
0.1,212,5.287847799907e-27,2.58271129201058e-27
0.1,213,2.31538258100113e-27,1.1308882107729e-27
0.1,214,1.08073220110565e-27,5.27855446120085e-28
0.1,215,3.58612790421105e-28,1.75155060873027e-28
0.1,216,1.59962383488592e-28,7.81294526177892e-29
0.1,217,6.65216227548998e-29,3.2490751011209e-29
0.1,218,2.1332790526209e-29,1.04194449361998e-29
0.1,219,8.2557405518305e-30,4.0323010710515e-30
0.1,220,2.89348214876385e-30,1.41324586138331e-30
0.1,221,1.30221248887781e-30,6.36031714014362e-31
0.1,222,6.54043490025341e-31,3.19450477977859e-31
0.1,223,3.256729816638e-31,1.59066470721916e-31
0.1,224,8.19213260921378e-32,4.00123343108262e-32
0.1,225,5.37763533161705e-32,2.62656566921739e-32
0.1,226,2.37287251555219e-32,1.15896766932777e-32
0.1,227,9.64904597416243e-33,4.71282475169517e-33
0.1,228,2.73239031953723e-33,1.33456476046329e-33
0.1,229,9.37447475738146e-34,4.57871760472816e-34
0.1,230,2.62852207785251e-34,1.2838330278508e-34
0.1,231,7.49755665493046e-35,3.6619859284752e-35
0.1,232,2.5376167793587e-35,1.23943270662225e-35
0.1,233,6.64098565622121e-36,3.24361617304955e-36
0.1,234,2.92485857826853e-36,1.42857085972879e-36
0.1,235,7.21086529656062e-37,3.52195901457714e-37
0.1,236,1.94033777557336e-37,9.47707360899487e-38
0.1,237,7.60115760220978e-38,3.71258710810938e-38
0.1,238,1.86718742949111e-38,9.11978982929825e-39
0.1,239,4.7510982025001e-39,2.32054995555356e-39
0.1,240,1.07866424411675e-39,5.26845406484164e-40
0.2,1,2.45354100290773,1
0.2,2,1.77283607728822,0.722562237674939
0.2,3,1.05466880806445,0.429855790799725
0.2,4,0.531849695811395,0.216768211813494
0.2,5,0.234443365361708,0.095553065990691
0.2,6,0.0926850230378704,0.0377760236849631
0.2,7,0.0334884763901001,0.0136490388179421
0.2,8,0.0112092817715793,0.00456861399841901
0.2,9,0.00351083466169992,0.00143092561222298
0.2,10,0.00103690765618431,0.000422616803613819
0.2,11,0.000290549935948605,0.000118420656351074
0.2,12,7.76261381675757e-05,3.1638410801197e-05
0.2,13,1.98557537821354e-05,8.09269287067307e-06
0.2,14,4.87929844111257e-06,1.98867613597247e-06
0.2,15,1.15531697540004e-06,4.70877386614228e-07
0.2,16,2.64254174481806e-07,1.07703182530324e-07
0.2,17,5.85169108516033e-08,2.38499828542723e-08
0.2,18,1.2569704538924e-08,5.12308721314517e-09
0.2,19,2.6236232372923e-09,1.06932112982135e-09
0.2,20,5.32939643666632e-10,2.17212446433558e-10
0.2,21,1.05500270908666e-10,4.29991880240174e-11
0.2,22,2.03783027955316e-11,8.30567036433506e-12
0.2,23,3.84512433335002e-12,1.56717345615708e-12
0.2,24,7.09470724065001e-13,2.89161959479869e-13
0.2,25,1.28188982790425e-13,5.22465215125837e-14
0.2,26,2.27098337601027e-14,9.2559422211363e-15
0.2,27,4.07365905043069e-15,1.66031830957907e-15
0.2,28,3.11879386196675e-15,1.27113989873029e-15
0.2,29,2.16655012043391e-15,8.83029922005094e-16
0.2,30,1.79639782733988e-15,7.32165398993106e-16
0.2,31,1.25467295682807e-15,5.11372320797224e-16
0.2,32,1.18205365055618e-15,4.81774565477124e-16
0.2,33,9.2420203300526e-16,3.76680899936041e-16
0.2,34,7.8477104901468e-16,3.19852428830265e-16
0.2,35,7.73463749635229e-16,3.15243865384188e-16
0.2,36,7.16930533252967e-16,2.92202385207063e-16
0.2,37,6.01635690367834e-16,2.45211182391012e-16
0.2,38,5.9181691412193e-16,2.41209302563339e-16
0.2,39,5.59316904594428e-16,2.27963137331544e-16
0.2,40,4.72105147744423e-16,1.92417875708995e-16
0.2,41,4.40671787779547e-16,1.79606449314399e-16
0.2,42,4.24023487578862e-16,1.72821031756284e-16
0.2,43,3.90185666986141e-16,1.59029609256062e-16
0.2,44,3.83685720460687e-16,1.5638039878118e-16
0.2,45,3.57324480865448e-16,1.45636237764919e-16
0.2,46,3.10087551152981e-16,1.26383684146909e-16
0.2,47,2.89754815826649e-16,1.18096585907167e-16
0.2,48,2.73586028696839e-16,1.1150660550307e-16
0.2,49,2.4117839011548e-16,9.82980882853213e-17
0.2,50,2.35959924253422e-16,9.61711762606706e-17
0.2,51,2.18008376593946e-16,8.8854588668207e-17
0.2,52,2.14209518783098e-16,8.73062722527299e-17
0.2,53,2.0460435208686e-16,8.33914541653798e-17
0.2,54,1.93453926904047e-16,7.88468285937677e-17
0.2,55,1.80407460433031e-16,7.35294255197804e-17
0.2,56,1.7343523644898e-16,7.0687726939733e-17
0.2,57,1.65814288485823e-16,6.7581625205902e-17
0.2,58,1.48553493698021e-16,6.05465706592914e-17
0.2,59,1.4122953736166e-16,5.7561515048775e-17
0.2,60,1.33814467852171e-16,5.45393240600363e-17
0.2,61,1.29191099636338e-16,5.2654958479696e-17
0.2,62,1.28338113502762e-16,5.23073033426653e-17
0.2,63,1.21917237515594e-16,4.96903199788011e-17
0.2,64,1.2115411119019e-16,4.93792893807801e-17
0.2,65,1.18669218799495e-16,4.83665113641298e-17
0.2,66,1.06679779873188e-16,4.34799254411318e-17
0.2,67,1.04572163384679e-16,4.26209153467371e-17
0.2,68,1.02610595765772e-16,4.18214310028511e-17
0.2,69,9.98300147689102e-17,4.06881379404706e-17
0.2,70,9.48951649076748e-17,3.86768204791414e-17
0.2,71,9.31075504976361e-17,3.79482349743872e-17
0.2,72,9.05961317460273e-17,3.69246454975321e-17
0.2,73,8.99648688548591e-17,3.66673590326146e-17
0.2,74,8.790134494022e-17,3.58263199335356e-17
0.2,75,8.55621959493518e-17,3.48729431657962e-17
0.2,76,8.43636945132445e-17,3.43844649073579e-17
0.2,77,8.24022088245195e-17,3.35850139560999e-17
0.2,78,8.15361510651686e-17,3.32320311617124e-17
0.2,79,7.71752341506499e-17,3.14546339593218e-17
0.2,80,7.67574461021314e-17,3.12843543316232e-17
0.2,81,7.58834478914528e-17,3.0928135214175e-17
0.2,82,7.49067094164329e-17,3.05300418161587e-17
0.2,83,7.29333063323355e-17,2.97257336420712e-17
0.2,84,7.18106868317297e-17,2.9268182902436e-17
0.2,85,6.97694503207682e-17,2.84362275739771e-17
0.2,86,6.67812889515347e-17,2.72183301083581e-17
0.2,87,6.59818644641711e-17,2.68925053161838e-17
0.2,88,6.4012905770992e-17,2.60900085611487e-17
0.2,89,6.19718388747181e-17,2.52581223632596e-17
0.2,90,6.02808813816609e-17,2.45689317236684e-17
0.2,91,5.6358847486636e-17,2.29704119147976e-17
0.2,92,5.5935013415623e-17,2.27976680843457e-17
0.2,93,5.43312254667635e-17,2.21440055015892e-17
0.2,94,5.30603695713474e-17,2.16260374326187e-17
0.2,95,5.16189220951182e-17,2.10385406373661e-17
0.2,96,4.93460638405424e-17,2.01121822631297e-17
0.2,97,4.85238857104916e-17,1.97770836733461e-17
0.2,98,4.63466992044274e-17,1.88897186350264e-17
0.2,99,4.44345735836514e-17,1.81103855737448e-17
0.2,100,4.20081958545391e-17,1.71214566232048e-17
0.2,101,4.10298632891213e-17,1.67227135150772e-17
0.2,102,3.87270993590835e-17,1.57841663592283e-17
0.2,103,3.70873489412671e-17,1.51158464021243e-17
0.2,104,3.47588437136607e-17,1.41668077576317e-17
0.2,105,3.32764180406874e-17,1.35626093068145e-17
0.2,106,3.22847583882907e-17,1.31584344219353e-17
0.2,107,2.87577886587889e-17,1.17209325724362e-17
0.2,108,2.64827300526593e-17,1.07936773916858e-17
0.2,109,2.49409313863009e-17,1.01652800408646e-17
0.2,110,2.47265379300002e-17,1.00778988004262e-17
0.2,111,2.39441121552673e-17,9.75900224487417e-18
0.2,112,2.29035662816331e-17,9.33490259771073e-18
0.2,113,2.11714147672242e-17,8.62892233801419e-18
0.2,114,2.0298193512247e-17,8.27301988766086e-18
0.2,115,1.94968685087056e-17,7.94642049413462e-18
0.2,116,1.8986907261403e-17,7.73857344910939e-18
0.2,117,1.82182228596235e-17,7.42527752258177e-18
0.2,118,1.68876371719363e-17,6.8829651315884e-18
0.2,119,1.64662889423088e-17,6.71123446593896e-18
0.2,120,1.53064549571183e-17,6.23851606269402e-18
0.2,121,1.4694372767352e-17,5.98904715671656e-18
0.2,122,1.33205150848689e-17,5.42909821726335e-18
0.2,123,1.2404861227315e-17,5.05590133305854e-18
0.2,124,1.05594908840515e-17,4.30377600029397e-18
0.2,125,1.03295288651033e-17,4.21004941546184e-18
0.2,126,9.24604142673626e-18,3.76844789460565e-18
0.2,127,7.90162169377394e-18,3.22049710374093e-18
0.2,128,7.09320559829317e-18,2.89100756412341e-18
0.2,129,5.47479524766632e-18,2.23138526773266e-18
0.2,130,5.01763441515594e-18,2.04505830928013e-18
0.2,131,4.92852612383842e-18,2.00874006914804e-18
0.2,132,4.23740528102854e-18,1.72705704775536e-18
0.2,133,3.17098864338061e-18,1.29241314476612e-18
0.2,134,3.08775967903059e-18,1.25849116659197e-18
0.2,135,2.67587518265189e-18,1.09061767440637e-18
0.2,136,2.07994913076407e-18,8.47733593324542e-19
0.2,137,1.95080522810745e-18,7.95097871115876e-19
0.2,138,1.40998112748083e-18,5.74671923481138e-19
0.2,139,1.25814121171832e-18,5.12785891993359e-19
0.2,140,1.09341276854046e-18,4.45646829315115e-19
0.2,141,1.03517728408923e-18,4.21911548599524e-19
0.2,142,8.90548778541296e-19,3.62964701827234e-19
0.2,143,7.81775506248545e-19,3.18631522897743e-19
0.2,144,5.89440907358141e-19,2.4024090351846e-19
0.2,145,5.01703077135446e-19,2.04481227964346e-19
0.2,146,4.43833932478452e-19,1.80895257895612e-19
0.2,147,4.11238397178555e-19,1.67610158823998e-19
0.2,148,3.12235745303202e-19,1.27259232649125e-19
0.2,149,2.32853756718742e-19,9.49051825271245e-20
0.2,150,1.8309281393819e-19,7.46239063138558e-20
0.2,151,1.7904156542802e-19,7.29727219621905e-20
0.2,152,1.3755772939271e-19,5.60649808703779e-20
0.2,153,1.17916669737048e-19,4.80597917855471e-20
0.2,154,9.27809662615471e-20,3.78151276671517e-20
0.2,155,8.80597712885258e-20,3.58908904249674e-20
0.2,156,7.99694575409256e-20,3.25934873092207e-20
0.2,157,5.93200184995022e-20,2.41773088076381e-20
0.2,158,4.61549800162659e-20,1.88115788411797e-20
0.2,159,3.89298602057263e-20,1.58668064481458e-20
0.2,160,2.94158099705599e-20,1.19891250790995e-20
0.2,161,2.67786172447323e-20,1.09142733759071e-20
0.2,162,2.0904632906687e-20,8.52018893587373e-21
0.2,163,1.93900982578145e-20,7.90290369504117e-21
0.2,164,1.69127236114495e-20,6.89318971698698e-21
0.2,165,1.19796678195588e-20,4.88260347202736e-21
0.2,166,8.30173417168912e-21,3.38357262497371e-21
0.2,167,6.90136019628177e-21,2.81281632876845e-21
0.2,168,4.49353021164049e-21,1.83144696025668e-21
0.2,169,3.65304891411039e-21,1.48888847171541e-21
0.2,170,2.89143396889651e-21,1.17847387325903e-21
0.2,171,1.83237612006114e-21,7.46829222698769e-22
0.2,172,1.53476365172683e-21,6.25530060393514e-22
0.2,173,1.19563678668768e-21,4.87310701256149e-22
0.2,174,9.97049884450988e-22,4.06371804371465e-22
0.2,175,7.52568018230522e-22,3.06727304470821e-22
0.2,176,6.56195343002002e-22,2.67448288911551e-22
0.2,177,3.46920950138727e-22,1.41396027100254e-22
0.2,178,3.38206293535771e-22,1.37844157947618e-22
0.2,179,2.57823515628268e-22,1.05082211922571e-22
0.2,180,1.90589985108365e-22,7.7679559820885e-23
0.2,181,1.57303145587165e-22,6.41127029875363e-23
0.2,182,1.06132123118712e-22,4.32567146801024e-23
0.2,183,6.17546554854211e-23,2.51696040181251e-23
0.2,184,4.7566958634448e-23,1.93870648903262e-23
0.2,185,3.33621139530565e-23,1.35975367493425e-23
0.2,186,1.57244595622639e-23,6.40888395328573e-24
0.2,187,1.35067644248817e-23,5.50500864215214e-24
0.2,188,9.74054197097762e-24,3.96999355602126e-24
0.2,189,8.18249854698005e-24,3.33497526117675e-24
0.2,190,4.57602635735452e-24,1.86507026046494e-24
0.2,191,4.36036628907206e-24,1.7771727816672e-24
0.2,192,2.46877641397082e-24,1.00620956040475e-24
0.2,193,2.31444415702643e-24,9.43307714965249e-25
0.2,194,1.22853378553124e-24,5.00718669088999e-25
0.2,195,1.00615364227782e-24,4.10082261142331e-25
0.2,196,6.2859609550425e-25,2.56199547820595e-25
0.2,197,5.53474501736023e-25,2.25581924687662e-25
0.2,198,2.91407250682448e-25,1.18770075713875e-25
0.2,199,2.44286653882151e-25,9.95649363889346e-26
0.2,200,1.58209624991046e-25,6.44821606011676e-26
0.2,201,1.19176452711819e-25,4.85732468177956e-26
0.2,202,6.1950423498397e-26,2.52493940084876e-26
0.2,203,4.70418837340841e-26,1.91730579103158e-26
0.2,204,3.42234646924483e-26,1.39486010838578e-26
0.2,205,1.82472649714679e-26,7.43711433794779e-27
0.2,206,9.66457377273305e-27,3.93903087875011e-27
0.2,207,4.37577509906786e-27,1.78345301500243e-27
0.2,208,2.31449317757259e-27,9.43327694474902e-28
0.2,209,9.44712698183179e-28,3.85040517791871e-28
0.2,210,3.88259029381238e-28,1.58244361484527e-28
0.2,211,2.14973199332522e-28,8.761752873816e-29
0.2,212,1.04475724299497e-28,4.25816092641947e-29
0.2,213,4.1751009485642e-29,1.70166340958485e-29
0.2,214,1.95068399248605e-29,7.95048458605037e-30
0.2,215,8.42228140596459e-30,3.4327045669843e-30
0.2,216,4.76275632710888e-30,1.9411765776339e-30
0.2,217,2.42508503810002e-30,9.88402083040802e-31
0.2,218,1.39917340563575e-30,5.70266974946644e-31
0.2,219,8.3385534526514e-31,3.398579213785e-31
0.2,220,7.18860324115616e-31,2.92988918165086e-31
0.2,221,1.93025092889043e-31,7.86720469151673e-32
0.2,222,6.36070241516188e-32,2.59245816867284e-32
0.2,223,2.24809790982327e-32,9.16266696647424e-33
0.2,224,8.43774947427751e-33,3.43900895248044e-33
0.2,225,5.23391449085612e-33,2.13320848710224e-33
0.2,226,1.63843092634803e-33,6.67782166430601e-34
0.2,227,5.83011031948157e-34,2.37620252222083e-34
0.2,228,2.12654714740919e-34,8.66725742463234e-35
0.2,229,9.40914712002535e-35,3.83492556630373e-35
0.2,230,4.58430596314077e-35,1.86844481413102e-35
0.2,231,1.29382546030863e-35,5.27329870898958e-36
0.2,232,6.41183688070057e-36,2.61329925731903e-36
0.2,233,2.03901749608192e-36,8.31050915254909e-37
0.2,234,6.45676761934798e-37,2.6316118669694e-37
0.2,235,2.42803169262951e-37,9.89603063389613e-38
0.2,236,9.40866166450301e-38,3.83472770715984e-38
0.2,237,4.02023073064358e-38,1.63854230513333e-38
0.2,238,1.67263743239319e-38,6.81723855607437e-39
0.2,239,1.29795898596752e-38,5.29014589293308e-39
0.2,240,2.71034916390001e-39,1.10466837957382e-39
0.4,1,2.77974426250267,1
0.4,2,1.28315661706866,0.461609592788007
0.4,3,0.41785570238777,0.150321634987948
0.4,4,0.108837275602735,0.0391537009612338
0.4,5,0.0243401634819151,0.00875625999493964
0.4,6,0.00485103134702788,0.00174513584305787
0.4,7,0.000880933494829196,0.000316911705408494
0.4,8,0.000147943955098353,5.32221460420089e-05
0.4,9,2.32241108777646e-05,8.35476528939946e-06
0.4,10,3.43542313318684e-06,1.2358774076914e-06
0.4,11,4.8191745916977e-07,1.73367552429405e-07
0.4,12,6.44366046745134e-08,2.31807672179525e-08
0.4,13,8.24677138983142e-09,2.96673744454702e-09
0.4,14,1.01380381801744e-09,3.64711182857048e-10
0.4,15,1.20071652785897e-10,4.31952156195094e-11
0.4,16,1.37360262427267e-11,4.94147120942696e-12
0.4,17,1.52119968041922e-12,5.47244471708937e-13
0.4,18,1.63365183610638e-13,5.87698608876906e-14
0.4,19,1.70932586298731e-14,6.1492198618601e-15
0.4,20,3.04811749107041e-15,1.09654601403013e-15
0.4,21,2.55906095459386e-15,9.20610211922832e-16
0.4,22,2.06921185852564e-15,7.44389290208546e-16
0.4,23,1.92024034600477e-15,6.90797485188777e-16
0.4,24,1.83421495483674e-15,6.59850252981672e-16
0.4,25,1.62238685770419e-15,5.83646085573179e-16
0.4,26,1.38210565819557e-15,4.97206047635199e-16
0.4,27,1.32934198195549e-15,4.78224561837444e-16
0.4,28,1.24652505870167e-15,4.48431560959279e-16
0.4,29,1.03633165286473e-15,3.72815466100358e-16
0.4,30,7.46528077739171e-16,2.68559985107067e-16
0.4,31,6.25982083223351e-16,2.251941272683e-16
0.4,32,6.03705292622444e-16,2.1718015601871e-16
0.4,33,5.92445303732391e-16,2.13129427668644e-16
0.4,34,5.23142992718654e-16,1.88198245347813e-16
0.4,35,4.39574930160627e-16,1.58135025617381e-16
0.4,36,4.26351899237168e-16,1.53378102075229e-16
0.4,37,3.8941284093826e-16,1.40089448583901e-16
0.4,38,3.61965244475432e-16,1.30215304104827e-16
0.4,39,3.59434376217963e-16,1.29304836083862e-16
0.4,40,3.41430235720445e-16,1.22827930729515e-16
0.4,41,3.1607505128383e-16,1.13706521692488e-16
0.4,42,3.14183268515168e-16,1.13025961687677e-16
0.4,43,2.8568965328965e-16,1.02775516850042e-16
0.4,44,2.62111730683018e-16,9.42934694456507e-17
0.4,45,2.44801069931336e-16,8.80660401870694e-17
0.4,46,2.32991892509356e-16,8.38177438307175e-17
0.4,47,2.24482906569053e-16,8.07566759277867e-17
0.4,48,2.07379767791633e-16,7.46039017290476e-17
0.4,49,2.05415854754734e-16,7.38973931975288e-17
0.4,50,1.90957481241076e-16,6.86960609351712e-17
0.4,51,1.87061036727338e-16,6.72943332416209e-17
0.4,52,1.75024795834859e-16,6.29643518635343e-17
0.4,53,1.6849039244253e-16,6.06136307988397e-17
0.4,54,1.58260323918891e-16,5.69334114845534e-17
0.4,55,1.50654526296275e-16,5.41972613554878e-17
0.4,56,1.47304175897241e-16,5.2991988466097e-17
0.4,57,1.44915209985276e-16,5.21325691503742e-17
0.4,58,1.3462504380519e-16,4.84307299852052e-17
0.4,59,1.29537166631645e-16,4.66003899635789e-17
0.4,60,1.22559579140589e-16,4.40902354917519e-17
0.4,61,1.20434901831651e-16,4.33258927651208e-17
0.4,62,1.16089068658121e-16,4.17624996026086e-17
0.4,63,1.11968340565626e-16,4.02800869403786e-17
0.4,64,1.06846531582814e-16,3.84375401090379e-17
0.4,65,1.0103154231617e-16,3.63456249119869e-17
0.4,66,9.61532695212663e-17,3.45906890854403e-17
0.4,67,9.5972296396346e-17,3.45255848500034e-17
0.4,68,9.19622261526097e-17,3.30829808314143e-17
0.4,69,9.02881048268395e-17,3.24807235128713e-17
0.4,70,8.55802138983612e-17,3.0787081766044e-17
0.4,71,8.38012505788044e-17,3.01471080304906e-17
0.4,72,8.0044017864099e-17,2.87954611306702e-17
0.4,73,7.7923661625623e-17,2.8032672888932e-17
0.4,74,7.61442882865857e-17,2.73925516507879e-17
0.4,75,7.32860188954947e-17,2.63643026029717e-17
0.4,76,6.93549530298147e-17,2.49501200399539e-17
0.4,77,6.36212103483271e-17,2.28874329219938e-17
0.4,78,6.04362724603184e-17,2.17416664099546e-17
0.4,79,5.88302066944065e-17,2.11638917608343e-17
0.4,80,5.58850934403042e-17,2.01044010393926e-17
0.4,81,5.44400360591621e-17,1.95845484037976e-17
0.4,82,5.15771545180234e-17,1.85546401565687e-17
0.4,83,5.02426608301904e-17,1.80745622926318e-17
0.4,84,4.5796946106649e-17,1.64752372095615e-17
0.4,85,4.4538612642874e-17,1.60225576300947e-17
0.4,86,4.35040087231475e-17,1.56503637079117e-17
0.4,87,4.08283053912991e-17,1.4687791946206e-17
0.4,88,3.70153168505548e-17,1.33160871486894e-17
0.4,89,3.45063094156142e-17,1.24134834564052e-17
0.4,90,3.31808766045624e-17,1.19366652005206e-17
0.4,91,3.22487918267807e-17,1.16013520602598e-17
0.4,92,3.06230055669067e-17,1.10164830556521e-17
0.4,93,3.01755969428495e-17,1.08555298952867e-17
0.4,94,2.81898497867022e-17,1.01411666414673e-17
0.4,95,2.67390695289523e-17,9.61925522777353e-18
0.4,96,2.58248905539094e-17,9.29038361631822e-18
0.4,97,2.45229232492075e-17,8.8220069666153e-18
0.4,98,2.3716651925931e-17,8.53195462829318e-18
0.4,99,2.30759071173703e-17,8.3014496796171e-18
0.4,100,2.22618124900947e-17,8.00858294426404e-18
0.4,101,2.10206806769241e-17,7.56209157816506e-18
0.4,102,1.97229220990449e-17,7.0952289982561e-18
0.4,103,1.87452827535475e-17,6.74352781527848e-18
0.4,104,1.78836242374573e-17,6.43355019333912e-18
0.4,105,1.70413078005183e-17,6.13053079392838e-18
0.4,106,1.40460773214602e-17,5.05301063516332e-18
0.4,107,1.22927270633212e-17,4.4222510786851e-18
0.4,108,1.20422580095729e-17,4.33214600782411e-18
0.4,109,1.11389316268191e-17,4.00717856569669e-18
0.4,110,1.03717451737357e-17,3.73118682666074e-18
0.4,111,1.00706485743373e-17,3.62286873299288e-18
0.4,112,9.5129699432525e-18,3.42224645323586e-18
0.4,113,7.49680894006071e-18,2.69694196016117e-18
0.4,114,6.87802369203217e-18,2.47433686070089e-18
0.4,115,5.51894551820428e-18,1.98541484288754e-18
0.4,116,5.05477921773533e-18,1.81843318679409e-18
0.4,117,4.80511447875612e-18,1.72861746441018e-18
0.4,118,4.3806195065806e-18,1.57590738316216e-18
0.4,119,3.69320771494885e-18,1.32861420554701e-18
0.4,120,3.25590857784573e-18,1.17129788584017e-18
0.4,121,2.98205921128417e-18,1.07278185677389e-18
0.4,122,2.45470626204307e-18,8.83069099253413e-19
0.4,123,2.30096472126743e-18,8.27761298874243e-19
0.4,124,1.7892748083458e-18,6.43683245427358e-19
0.4,125,1.63594893344839e-18,5.88524978904177e-19
0.4,126,1.17170195489281e-18,4.21514299246328e-19
0.4,127,1.08476653095501e-18,3.90239687005729e-19
0.4,128,9.84125101664045e-19,3.54034403430341e-19
0.4,129,8.84490783801782e-19,3.18191423482049e-19
0.4,130,8.01452343766282e-19,2.88318732977513e-19
0.4,131,6.88455971390227e-19,2.4766881640054e-19
0.4,132,4.90014269742401e-19,1.762803421712e-19
0.4,133,4.49700189661019e-19,1.61777540375654e-19
0.4,134,4.01310766994903e-19,1.44369671846572e-19
0.4,135,3.36054405449679e-19,1.20894000927669e-19
0.4,136,2.67042121956483e-19,9.60671546511471e-20
0.4,137,2.27269153072345e-19,8.17590150785055e-20
0.4,138,1.94940644215165e-19,7.01289851893263e-20
0.4,139,1.5610168679471e-19,5.61568518731891e-20
0.4,140,1.42227815372483e-19,5.11657915050184e-20
0.4,141,1.09250989926347e-19,3.93025327545728e-20
0.4,142,1.02237715866832e-19,3.67795402066177e-20
0.4,143,8.06524523863738e-20,2.90143426049418e-20
0.4,144,7.5093068093484e-20,2.7014380101958e-20
0.4,145,6.49933424776316e-20,2.3381051039248e-20
0.4,146,5.24545859915329e-20,1.88702920261833e-20
0.4,147,4.49199125222582e-20,1.61597284786967e-20
0.4,148,4.10294304483882e-20,1.47601457450077e-20
0.4,149,3.73953299569046e-20,1.34527950867094e-20
0.4,150,3.69142636193105e-20,1.32797337212869e-20
0.4,151,2.25246667782787e-20,8.10314354529839e-21
0.4,152,1.87775909420992e-20,6.75515053503278e-21
0.4,153,1.57327169408044e-20,5.65977135128247e-21
0.4,154,9.3829481204115e-21,3.37547171046728e-21
0.4,155,7.47726425454457e-21,2.68991085094016e-21
0.4,156,6.36071219190035e-21,2.2882364675424e-21
0.4,157,4.69115122450376e-21,1.68761971659947e-21
0.4,158,3.51571992806558e-21,1.26476380417107e-21
0.4,159,3.15944458682524e-21,1.13659541614836e-21
0.4,160,2.61900700490639e-21,9.42175523207461e-22
0.4,161,2.24293563107857e-21,8.06885605030156e-22
0.4,162,1.43700101053727e-21,5.16954393942524e-22
0.4,163,1.20589731594541e-21,4.33815920483171e-22
0.4,164,9.24490162652307e-22,3.32581012981377e-22
0.4,165,8.5085338172147e-22,3.06090525376398e-22
0.4,166,7.23416798191285e-22,2.60245810360978e-22
0.4,167,6.26663702677867e-22,2.25439336679723e-22
0.4,168,5.14545621726613e-22,1.8510538133582e-22
0.4,169,3.94747846322912e-22,1.4200869182387e-22
0.4,170,3.16823876509726e-22,1.13975908065903e-22
0.4,171,2.11782129776827e-22,7.61876308672204e-23
0.4,172,1.82195149152254e-22,6.55438529399894e-23
0.4,173,1.34326592962894e-22,4.8323363690283e-23
0.4,174,7.67958138204037e-23,2.76269349149632e-23
0.4,175,4.8743305172527e-23,1.75351761059639e-23
0.4,176,4.0935295916134e-23,1.47262812872142e-23
0.4,177,2.53813469376855e-23,9.13082087444765e-24
0.4,178,1.89227515604331e-23,6.807371388689e-24
0.4,179,1.21462676109914e-23,4.36956297557238e-24
0.4,180,7.296919839787e-24,2.62503279104439e-24
0.4,181,5.28457808722744e-24,1.90110225552534e-24
0.4,182,4.93653202044078e-24,1.77589431050621e-24
0.4,183,3.744141014208e-24,1.34693722178495e-24
0.4,184,2.41452963435884e-24,8.68615745314997e-25
0.4,185,2.12416114675702e-24,7.64157039699972e-25
0.4,186,1.32402138610725e-24,4.76310502360818e-25
0.4,187,1.17888938633183e-24,4.24099944097178e-25
0.4,188,8.15858182147995e-25,2.93501165971814e-25
0.4,189,7.46495326953288e-25,2.68548203164992e-25
0.4,190,3.41209628790352e-25,1.22748568418e-25
0.4,191,3.16431501612867e-25,1.13834753031553e-25
0.4,192,2.84246514053671e-25,1.022563542582e-25
0.4,193,1.86769362464388e-25,6.71894047894302e-26
0.4,194,1.1786647232271e-25,4.24019122595804e-26
0.4,195,9.78227467054407e-26,3.51912756957608e-26
0.4,196,8.42964495864178e-26,3.03252535578664e-26
0.4,197,4.10564187062687e-26,1.47698546445797e-26
0.4,198,3.10361810545049e-26,1.11651210052548e-26
0.4,199,2.42627736032069e-26,8.72841934795922e-27
0.4,200,1.76565621251627e-26,6.35186566021225e-27
0.4,201,1.22849003216457e-26,4.41943544496618e-27
0.4,202,1.0351637793929e-26,3.7239532907999e-27
0.4,203,5.86537692331197e-27,2.11004192091802e-27
0.4,204,5.44480961458724e-27,1.95874479823016e-27
0.4,205,2.39926463256829e-27,8.63124232301923e-28
0.4,206,1.36054392700662e-27,4.89449315665352e-28
0.4,207,6.85700470017889e-28,2.46677537666914e-28
0.4,208,3.46725828520272e-28,1.24732995476392e-28
0.4,209,1.76295072572782e-28,6.34213279800278e-29
0.4,210,7.14043611494531e-29,2.56873850277025e-29
0.4,211,4.40668504002002e-29,1.58528433693126e-29
0.4,212,1.7228224659232e-29,6.19777325980378e-30
0.4,213,9.25310520758588e-30,3.32876132974013e-30
0.4,214,4.80899313208448e-30,1.73001279180799e-30
0.4,215,3.5700813557693e-30,1.28432007358658e-30
0.4,216,2.9857704524117e-30,1.07411695841528e-30
0.4,217,1.97907978730755e-30,7.1196469905679e-31
0.4,218,1.37861801052374e-30,4.95951382693938e-31
0.4,219,4.14195602606329e-31,1.49004931206664e-31
0.4,220,2.25695227882647e-31,8.11928028513848e-32
0.4,221,3.08799463920096e-32,1.11089163159951e-32
0.4,222,8.84055723939903e-33,3.18034912731133e-33
0.4,223,4.23394121394271e-33,1.5231405532719e-33
0.4,224,1.91408699149822e-33,6.88583844678907e-34
0.4,225,1.48478573614395e-33,5.34144725532112e-34
0.4,226,7.41023363695548e-34,2.66579689970612e-34
0.4,227,3.70481032825691e-34,1.3327881914293e-34
0.4,228,1.27951857306383e-34,4.60300823469223e-35
0.4,229,4.33117691819028e-35,1.55812064318853e-35
0.4,230,2.72648309373124e-35,9.80839543590431e-36
0.4,231,9.33732822308168e-36,3.35906016572729e-36
0.4,232,3.01317207407902e-36,1.08397456367666e-36
0.4,233,1.34662611477737e-36,4.84442447797327e-37
0.4,234,6.3906720174181e-37,2.29901437467648e-37
0.4,235,2.05237980502999e-37,7.38334037672294e-38
0.4,236,1.18012767523688e-37,4.24545412740372e-38
0.4,237,7.90284626808213e-38,2.84301199023503e-38
0.4,238,4.64868390119178e-38,1.67234229562056e-38
0.4,239,2.15809750615861e-38,7.76365486303988e-39
0.4,240,8.70225881643465e-39,3.13059691635079e-39
0.7,1,2.8999916977443,1
0.7,2,0.819461680956712,0.282573802398853
0.7,3,0.152577451949338,0.0526130650884336
0.7,4,0.0226620226725869,0.00781451294850743
0.7,5,0.00289369406691923,0.000997828396946803
0.7,6,0.00032943196472154,0.000113597554426719
0.7,7,3.41780885577386e-05,1.17855815188448e-05
0.7,8,3.27949366166496e-06,1.13086312082061e-06
0.7,9,2.94150948936769e-07,1.01431652085614e-07
0.7,10,2.48623631823387e-08,8.5732532274756e-09
0.7,11,1.99283543588089e-09,6.87186600372333e-10
0.7,12,1.52254919191461e-10,5.25018465776609e-11
0.7,13,1.11343301862886e-11,3.8394351938832e-12
0.7,14,7.82145533065109e-13,2.69706128356673e-13
0.7,15,5.29371506713234e-14,1.82542421457618e-14
0.7,16,4.69046825206697e-15,1.61740747593014e-15
0.7,17,3.69376394650554e-15,1.27371535214348e-15
0.7,18,3.45165728713553e-15,1.1902300581827e-15
0.7,19,3.37881108856273e-15,1.16511060745135e-15
0.7,20,2.73711470780047e-15,9.43835359918267e-16
0.7,21,2.50408010980457e-15,8.63478371938901e-16
0.7,22,1.9116397866388e-15,6.59188020478035e-16
0.7,23,1.79572860800809e-15,6.19218534109896e-16
0.7,24,1.49246100347556e-15,5.14643198681031e-16
0.7,25,1.47270356347274e-15,5.07830268830857e-16
0.7,26,1.24791289765197e-15,4.30316024222631e-16
0.7,27,9.9934541436866e-16,3.4460285356885e-16
0.7,28,8.94144408042742e-16,3.08326540637422e-16
0.7,29,7.87834005206788e-16,2.71667676090104e-16
0.7,30,7.50011926329825e-16,2.58625542588004e-16
0.7,31,6.9702351922664e-16,2.40353625759966e-16
0.7,32,6.41566786583792e-16,2.21230559757403e-16
0.7,33,5.64168622932233e-16,1.9454146140179e-16
0.7,34,5.07724574841562e-16,1.7507794082186e-16
0.7,35,4.79604790971785e-16,1.65381435865777e-16
0.7,36,4.60922485455535e-16,1.58939243106818e-16
0.7,37,4.18997374264058e-16,1.44482266825097e-16
0.7,38,3.94871743309875e-16,1.36163059920833e-16
0.7,39,3.87814235892043e-16,1.33729429706194e-16
0.7,40,3.5360605365339e-16,1.21933471026291e-16
0.7,41,3.37979615053508e-16,1.16545028496599e-16
0.7,42,3.13484932042767e-16,1.08098561898162e-16
0.7,43,2.87147977472509e-16,9.90168274260446e-17
0.7,44,2.60480322809442e-16,8.98210581127013e-17
0.7,45,2.54090748545266e-16,8.76177503345631e-17
0.7,46,2.46500080492257e-16,8.50002710987042e-17
0.7,47,2.16166051597853e-16,7.4540231189625e-17
0.7,48,2.11027814329203e-16,7.27684201624946e-17
0.7,49,2.02940023441139e-16,6.99795187686199e-17
0.7,50,1.96479475127013e-16,6.77517371100893e-17
0.7,51,1.92441291457763e-16,6.63592559963016e-17
0.7,52,1.75188494229835e-16,6.04099985410656e-17
0.7,53,1.63117150586568e-16,5.62474543335575e-17
0.7,54,1.60820390577742e-16,5.54554658562759e-17
0.7,55,1.49733749682105e-16,5.16324752924541e-17
0.7,56,1.3975991220137e-16,4.81932111426661e-17
0.7,57,1.330498558818e-16,4.58793919945667e-17
0.7,58,1.31506410784005e-16,4.53471680233756e-17
0.7,59,1.24334792131098e-16,4.28741889943372e-17
0.7,60,1.16051693007079e-16,4.00179397400854e-17
0.7,61,1.12030925911679e-16,3.86314643586119e-17
0.7,62,1.10352640315778e-16,3.80527435308223e-17
0.7,63,1.03576525303459e-16,3.5716145457942e-17
0.7,64,1.0101960329721e-16,3.48344456902362e-17
0.7,65,9.46833195222924e-17,3.26495139954849e-17
0.7,66,9.42693286518758e-17,3.25067581142392e-17
0.7,67,9.00147285292483e-17,3.10396504235735e-17
0.7,68,8.26425053790484e-17,2.84974972319163e-17
0.7,69,7.94921189908207e-17,2.74111539880104e-17
0.7,70,7.83179741187854e-17,2.70062752868236e-17
0.7,71,7.35499283745262e-17,2.5362116874933e-17
0.7,72,7.07884678312188e-17,2.44098863752887e-17
0.7,73,7.00297786907216e-17,2.41482686813183e-17
0.7,74,6.66000558796798e-17,2.29656022572352e-17
0.7,75,6.37114907014994e-17,2.19695424476754e-17
0.7,76,6.05765595231545e-17,2.08885286017449e-17
0.7,77,5.69977546830355e-17,1.96544544342558e-17
0.7,78,5.15774141588668e-17,1.77853661439739e-17
0.7,79,5.04487100348046e-17,1.73961567110848e-17
0.7,80,4.8151055781507e-17,1.66038598727577e-17
0.7,81,4.47229698986479e-17,1.54217579082846e-17
0.7,82,4.15938842127959e-17,1.43427597551913e-17
0.7,83,3.90966674267355e-17,1.34816480533879e-17
0.7,84,3.83394053764222e-17,1.32205224608897e-17
0.7,85,3.51186990812309e-17,1.21099309037841e-17
0.7,86,3.41155778589312e-17,1.17640260437529e-17
0.7,87,3.23719705385366e-17,1.11627804188945e-17
0.7,88,2.92557599794216e-17,1.00882219773862e-17
0.7,89,2.78382806892398e-17,9.59943461593124e-18
0.7,90,2.7569372727936e-17,9.50670746725941e-18
0.7,91,2.55821444187407e-17,8.82145436438293e-18
0.7,92,2.50039663408533e-17,8.62208204261488e-18
0.7,93,2.40786924607446e-17,8.3030211705343e-18
0.7,94,2.22871865122632e-17,7.68525873008492e-18
0.7,95,2.08839970686939e-17,7.20139891605142e-18
0.7,96,2.01163680510702e-17,6.93669849700511e-18
0.7,97,1.88086014557477e-17,6.48574320760214e-18
0.7,98,1.68365197799402e-17,5.80571309670858e-18
0.7,99,1.569363819862e-17,5.41161487145878e-18
0.7,100,1.46270304007138e-17,5.0438180261313e-18
0.7,101,1.41365681317837e-17,4.87469262163045e-18
0.7,102,1.17080920523699e-17,4.03728467963436e-18
0.7,103,1.13544951577142e-17,3.91535436689216e-18
0.7,104,1.07121146264449e-17,3.69384320471577e-18
0.7,105,9.59256780110529e-18,3.30779147008134e-18
0.7,106,7.79260250460356e-18,2.68711200472225e-18
0.7,107,6.92388700075894e-18,2.38755407684255e-18
0.7,108,6.29738180899469e-18,2.17151718533987e-18
0.7,109,5.85885327980792e-18,2.02030001822595e-18
0.7,110,5.05168412583399e-18,1.74196503037003e-18
0.7,111,4.48411445796342e-18,1.54625079149409e-18
0.7,112,4.21128690183356e-18,1.4521720545301e-18
0.7,113,3.50876357773827e-18,1.20992193890331e-18
0.7,114,3.21051302297873e-18,1.10707662559033e-18
0.7,115,2.96875837728046e-18,1.02371271600179e-18
0.7,116,2.68228735258044e-18,9.24929321234542e-19
0.7,117,1.98185610979607e-18,6.8340061502163e-19
0.7,118,1.76991873088087e-18,6.1031855100053e-19
0.7,119,1.575010042134e-18,5.4310846591702e-19
0.7,120,1.48487852349681e-18,5.12028542927137e-19
0.7,121,1.26122173428986e-18,4.34905291374066e-19
0.7,122,1.16024901311622e-18,4.00087011979618e-19
0.7,123,1.03679900013196e-18,3.57517920116258e-19
0.7,124,7.96895993733036e-19,2.74792508665761e-19
0.7,125,5.55738107584613e-19,1.91634378821458e-19
0.7,126,5.30213512372492e-19,1.82832769067894e-19
0.7,127,4.97524475142867e-19,1.71560654994239e-19
0.7,128,4.25277638159369e-19,1.46647881264682e-19
0.7,129,3.33294404091588e-19,1.1492943388453e-19
0.7,130,2.71363394537026e-19,9.35738522107151e-20
0.7,131,2.6081312751108e-19,8.99358186831874e-20
0.7,132,2.43907498614431e-19,8.41062747883555e-20
0.7,133,2.17329148660878e-19,7.49413002905917e-20
0.7,134,1.53958077534383e-19,5.3089144239322e-20
0.7,135,1.43396126520383e-19,4.9447081738862e-20
0.7,136,1.14947455461791e-19,3.96371670826508e-20
0.7,137,1.00305644288945e-19,3.45882522239514e-20
0.7,138,8.85388788234579e-20,3.05307352749755e-20
0.7,139,8.28455692062238e-20,2.856751944175e-20
0.7,140,7.09229613271552e-20,2.44562635756238e-20
0.7,141,5.71885135196629e-20,1.97202335317532e-20
0.7,142,5.25671636718775e-20,1.8126660056567e-20
0.7,143,4.27560475613836e-20,1.47435068847406e-20
0.7,144,3.35301791598899e-20,1.15621638454933e-20
0.7,145,2.37662572684259e-20,8.19528458888763e-21
0.7,146,1.99461802289365e-20,6.87801287308901e-21
0.7,147,1.5025380918616e-20,5.18118066693196e-21
0.7,148,1.2502299491831e-20,4.31115009796604e-21
0.7,149,1.01822009899259e-20,3.51111384141063e-21
0.7,150,9.46345203614132e-21,3.26326866504559e-21
0.7,151,8.45285880681086e-21,2.91478724348961e-21
0.7,152,7.15636527756165e-21,2.46771922937852e-21
0.7,153,6.74638325593383e-21,2.32634571374165e-21
0.7,154,3.29825176569792e-21,1.13733145107395e-21
0.7,155,2.55553214079722e-21,8.81220502384539e-22
0.7,156,2.04883724365461e-21,7.06497623854667e-22
0.7,157,1.81142545186034e-21,6.24631254382321e-22
0.7,158,1.57579983038164e-21,5.43380807471742e-22
0.7,159,1.29117459760054e-21,4.45233894498682e-22
0.7,160,9.07982158780879e-22,3.13098192483494e-22
0.7,161,8.82637442022993e-22,3.04358609960689e-22
0.7,162,8.49286918286826e-22,2.92858396438661e-22
0.7,163,4.30827736078344e-22,1.48561713612303e-22
0.7,164,3.92822913988137e-22,1.35456565028682e-22
0.7,165,2.78659384833643e-22,9.60897181362254e-23
0.7,166,2.42752247488561e-22,8.37079111907049e-23
0.7,167,1.86468158843062e-22,6.42995491980556e-23
0.7,168,1.35780244616955e-22,4.6820908046933e-23
0.7,169,1.02050881805916e-22,3.51900599871697e-23
0.7,170,6.29640414519389e-23,2.17118005892618e-23
0.7,171,4.40782763124078e-23,1.51994491386624e-23
0.7,172,4.03430952577689e-23,1.39114519842071e-23
0.7,173,3.28557195120632e-23,1.13295908873185e-23
0.7,174,3.21097273587362e-23,1.10723514773205e-23
0.7,175,2.98875168283717e-23,1.03060697903443e-23
0.7,176,2.31175932501976e-23,7.97160670086718e-24
0.7,177,1.80342960000186e-23,6.21874056192858e-24
0.7,178,1.47511140993007e-23,5.08660563089701e-24
0.7,179,8.90906118319124e-24,3.07209885811776e-24
0.7,180,8.44984298507093e-24,2.91374730198141e-24
0.7,181,5.06420222650191e-24,1.74628162916501e-24
0.7,182,4.8280033653532e-24,1.6648335128368e-24
0.7,183,3.02817191373476e-24,1.04420020101787e-24
0.7,184,2.67780664919288e-24,9.2338424667759e-25
0.7,185,1.32362421652205e-24,4.56423450298705e-25
0.7,186,8.05457153807537e-25,2.77744641280886e-25
0.7,187,6.37918837342166e-25,2.19972642624584e-25
0.7,188,5.05381080740422e-25,1.74269837094197e-25
0.7,189,2.84753513863778e-25,9.81911479557918e-26
0.7,190,2.7156213301653e-25,9.36423829170819e-26
0.7,191,2.0280205093354e-25,6.99319419056564e-26
0.7,192,1.64286945195725e-25,5.66508329398021e-26
0.7,193,1.1807452443116e-25,4.07154698142765e-26
0.7,194,6.96057649319063e-26,2.40020566217647e-26
0.7,195,5.30862448226409e-26,1.83056540692627e-26
0.7,196,3.83235996414557e-26,1.32150721918497e-26
0.7,197,3.19878127509124e-26,1.10303118370282e-26
0.7,198,2.83386800404231e-26,9.7719866103292e-27
0.7,199,1.81204421688057e-26,6.24844622241518e-27
0.7,200,1.01759132829725e-26,3.50894566039194e-27
0.7,201,8.08752035986349e-27,2.78880810802121e-27
0.7,202,6.11961865446579e-27,2.11021937036089e-27
0.7,203,5.66658150773928e-27,1.95399921735877e-27
0.7,204,5.10838418578544e-27,1.76151683115469e-27
0.7,205,2.90480060153059e-27,1.00165824743224e-27
0.7,206,2.81169807585236e-27,9.69553836322838e-28
0.7,207,1.282631697668e-27,4.42288058502259e-28
0.7,208,5.01859986114815e-28,1.73055663057648e-28
0.7,209,1.56752173271423e-28,5.40526282862636e-29
0.7,210,6.93051370951727e-29,2.38983915537001e-29
0.7,211,3.48355741116088e-29,1.20123013244159e-29
0.7,212,1.47639063648771e-29,5.09101676958625e-30
0.7,213,9.97749229441013e-30,3.4405244339737e-30
0.7,214,7.14052835309203e-30,2.46225820530664e-30
0.7,215,5.57450884245302e-30,1.92224993153913e-30
0.7,216,4.12462071974129e-30,1.42228707859734e-30
0.7,217,2.53959868789553e-30,8.75726192551141e-31
0.7,218,7.38312344312792e-31,2.54591192411714e-31
0.7,219,2.82719896438729e-31,9.74898985602742e-32
0.7,220,5.74370802965792e-32,1.98059464588314e-32
0.7,221,3.75621124923276e-32,1.29524896645547e-32
0.7,222,9.95949013825332e-33,3.43431677614806e-33
0.7,223,3.11723991537043e-33,1.07491339295734e-33
0.7,224,1.91547985012442e-33,6.6051218409154e-34
0.7,225,8.54226765707963e-34,2.94561796977697e-34
0.7,226,5.95195821009758e-34,2.05240525851408e-34
0.7,227,5.62778342286777e-34,1.94062052910194e-34
0.7,228,1.6254745998006e-34,5.60510087344369e-35
0.7,229,5.45713888312997e-35,1.88177741590595e-35
0.7,230,2.50691938385356e-35,8.64457434758699e-36
0.7,231,1.57081078515578e-35,5.41660442123889e-36
0.7,232,7.3479318609631e-36,2.53377686104362e-36
0.7,233,1.98226336700556e-36,6.83541048944184e-37
0.7,234,9.68551467726403e-37,3.33984220878899e-37
0.7,235,6.30107779223747e-37,2.17279166596878e-37
0.7,236,1.68344183936559e-37,5.80498847867401e-38
0.7,237,8.84249718935357e-38,3.04914569108302e-38
0.7,238,7.91934220334144e-38,2.73081547423096e-38
0.7,239,3.81294069940804e-38,1.31481090182908e-38
0.7,240,1.71357770174731e-38,5.90890554300616e-39
1,1,2.92745912895901,1
1,2,0.589252787962063,0.201284718933582
1,3,0.076591036868879,0.0261629739289014
1,4,0.00795631376781012,0.00271782232213071
1,5,0.000710943478995874,0.000242853426018174
1,6,5.66480582437382e-05,1.93505889402056e-05
1,7,4.11367846643933e-06,1.40520440601408e-06
1,8,2.76290070630504e-07,9.43787969223507e-08
1,9,1.73464824708023e-08,5.92543967538521e-09
1,10,1.02629017401597e-09,3.50573698489487e-10
1,11,5.75821279225573e-11,1.9669660748785e-11
1,12,3.07950339645971e-12,1.05193728103551e-12
1,13,1.57658007095368e-13,5.38548960550069e-14
1,14,7.75383695209553e-15,2.64865762783604e-15
1,15,3.66847551517603e-15,1.25312612527592e-15
1,16,3.36702038684123e-15,1.15015111689656e-15
1,17,2.77375655025965e-15,9.47496251210169e-16
1,18,2.31299039473281e-15,7.90101686425696e-16
1,19,2.27168134455424e-15,7.75990797645069e-16
1,20,2.23327883711035e-15,7.62872763967331e-16
1,21,1.76290865651896e-15,6.02197529960338e-16
1,22,1.64323367249557e-15,5.61317374592997e-16
1,23,1.58706938231859e-15,5.42132037513004e-16
1,24,1.37614720337572e-15,4.7008246494805e-16
1,25,1.26073489760475e-15,4.30658411293708e-16
1,26,1.09500036732251e-15,3.74044630201854e-16
1,27,1.01237360744073e-15,3.45819894606258e-16
1,28,9.87462408990548e-16,3.37310399732783e-16
1,29,7.81518958765188e-16,2.66961526818341e-16
1,30,7.13258379191024e-16,2.43644180079349e-16
1,31,6.85192661419447e-16,2.34057122998366e-16
1,32,6.29724414873348e-16,2.15109549658265e-16
1,33,5.9995712887548e-16,2.04941248518411e-16
1,34,5.47082173862794e-16,1.86879525815049e-16
1,35,5.17374699017276e-16,1.76731655755431e-16
1,36,4.61873097370265e-16,1.57772688541174e-16
1,37,4.35341505678202e-16,1.48709678427862e-16
1,38,4.09686516225692e-16,1.3994610963924e-16
1,39,3.91029506694586e-16,1.33573002890611e-16
1,40,3.89215244623868e-16,1.32953263385874e-16
1,41,3.70444149944514e-16,1.26541185931516e-16
1,42,3.51412430254995e-16,1.20040080757662e-16
1,43,3.43133954632713e-16,1.17212210151241e-16
1,44,3.02670252727453e-16,1.0339008655437e-16
1,45,2.971560490073e-16,1.0150647230828e-16
1,46,2.6896813418367e-16,9.1877673550754e-17
1,47,2.432450540962e-16,8.30908454673105e-17
1,48,2.27621270056749e-16,7.7753867784207e-17
1,49,2.14938182362845e-16,7.34214118436819e-17
1,50,1.98975224239811e-16,6.79685746152725e-17
1,51,1.94731080384593e-16,6.65188041254871e-17
1,52,1.85709994176549e-16,6.34372628261377e-17
1,53,1.82142773888056e-16,6.2218724793205e-17
1,54,1.73192636430028e-16,5.9161419101217e-17
1,55,1.55283448863673e-16,5.30437632169066e-17
1,56,1.48389511746172e-16,5.06888414865553e-17
1,57,1.4391205913138e-16,4.91593743214973e-17
1,58,1.2642500402756e-16,4.31859159968926e-17
1,59,1.2503436072559e-16,4.27108817638906e-17
1,60,1.14563232409963e-16,3.91340160061265e-17
1,61,1.1104546978425e-16,3.79323723722619e-17
1,62,1.06114801316508e-16,3.62480897740979e-17
1,63,1.03771116869079e-16,3.54475032093717e-17
1,64,9.94775321924684e-17,3.39808440734208e-17
1,65,9.61435103450484e-17,3.28419650317156e-17
1,66,8.84315893239337e-17,3.02076255989882e-17
1,67,8.24338974576249e-17,2.8158855111647e-17
1,68,7.73925956657729e-17,2.64367809272519e-17
1,69,7.1842944370908e-17,2.4541058032279e-17
1,70,6.87244136046061e-17,2.34757892688477e-17
1,71,6.84066914921944e-17,2.33672575700551e-17
1,72,6.4423004147728e-17,2.2006457241518e-17
1,73,6.39656597142617e-17,2.18502315135678e-17
1,74,5.96610576476065e-17,2.03798089125916e-17
1,75,5.4934390312432e-17,1.87652117049253e-17
1,76,5.29096495535623e-17,1.80735741210422e-17
1,77,4.78265271547615e-17,1.63372143035754e-17
1,78,4.60195152916491e-17,1.57199514201291e-17
1,79,4.33865326226517e-17,1.48205425631612e-17
1,80,4.07204295637141e-17,1.39098200076987e-17
1,81,3.88531240298496e-17,1.32719612190335e-17
1,82,3.56727920057141e-17,1.21855815689558e-17
1,83,3.44750212058366e-17,1.17764312624565e-17
1,84,3.39116265158062e-17,1.15839794927778e-17
1,85,3.10154123994029e-17,1.05946525751947e-17
1,86,2.81339767240173e-17,9.61037387190497e-18
1,87,2.65964097240146e-17,9.08515150934734e-18
1,88,2.47308682138066e-17,8.44789529908854e-18
1,89,2.40134912136861e-17,8.20284422629161e-18
1,90,2.3505221901509e-17,8.02922290835443e-18
1,91,2.16820528077583e-17,7.40644082551834e-18
1,92,2.03987771744852e-17,6.96808265321159e-18
1,93,1.86451670104962e-17,6.36906142465135e-18
1,94,1.62468506082621e-17,5.54981295811956e-18
1,95,1.55852151084595e-17,5.32380280028077e-18
1,96,1.46945119528093e-17,5.01954469917213e-18
1,97,1.30937590496265e-17,4.4727384645956e-18
1,98,1.12129202013412e-17,3.83025678835984e-18
1,99,1.04038321287456e-17,3.55387784096757e-18
1,100,9.20862700652273e-18,3.14560395239311e-18
1,101,7.92418670007865e-18,2.70684793570336e-18
1,102,6.97898431402884e-18,2.38397327053735e-18
1,103,6.32940744732531e-18,2.1620822592239e-18
1,104,5.94044890270273e-18,2.02921668280135e-18
1,105,5.32245221701078e-18,1.81811324515517e-18
1,106,4.73834253246398e-18,1.61858537514371e-18
1,107,4.06906656136754e-18,1.38996528460996e-18
1,108,3.60011142449395e-18,1.229773419851e-18
1,109,3.21864445400266e-18,1.09946691387189e-18
1,110,2.80940153653848e-18,9.59672334533152e-19
1,111,2.50830368042084e-18,8.56819367897642e-19
1,112,2.22075719931213e-18,7.58595458206045e-19
1,113,2.02549972979728e-18,6.91896843156797e-19
1,114,1.45173988273029e-18,4.95904406783817e-19
1,115,1.37832925930696e-18,4.70827840317993e-19
1,116,1.33283546159656e-18,4.55287470425082e-19
1,117,1.07053699129161e-18,3.65688108401462e-19
1,118,1.02641939598189e-18,3.50617839828521e-19
1,119,8.30204976960165e-19,2.8359233737804e-19
1,120,7.03386490550035e-19,2.40272010492648e-19
1,121,6.3462412485489e-19,2.16783257049454e-19
1,122,5.58817603557103e-19,1.9088826826963e-19
1,123,4.54896916234745e-19,1.55389672817227e-19
1,124,4.25639860568483e-19,1.45395662866125e-19
1,125,3.5896668084795e-19,1.22620561051384e-19
1,126,3.14186501907245e-19,1.07323958445483e-19
1,127,2.63937500518632e-19,9.01592435254553e-20
1,128,2.16689442707879e-19,7.40196303901714e-20
1,129,2.0041369221117e-19,6.8459945427978e-20
1,130,1.60293930859365e-19,5.47553095698948e-20
1,131,1.38808813949373e-19,4.74161406990277e-20
1,132,1.20255675869814e-19,4.10785157272464e-20
1,133,9.34402395827701e-20,3.19185462432048e-20
1,134,9.20876264138363e-20,3.14565028433317e-20
1,135,7.92347456808668e-20,2.70660467628945e-20
1,136,7.67698643469707e-20,2.62240601713438e-20
1,137,6.43797865517074e-20,2.19916944065418e-20
1,138,5.3509198794585e-20,1.82783760378621e-20
1,139,4.85068805656005e-20,1.65696183717002e-20
1,140,3.67720701297346e-20,1.25610874515644e-20
1,141,3.0042017615281e-20,1.02621475798242e-20
1,142,2.33822902416969e-20,7.98723029482962e-21
1,143,2.05461224574398e-20,7.01841479329069e-21
1,144,1.4245243889754e-20,4.86607780407153e-21
1,145,1.26585149470362e-20,4.32406205839584e-21
1,146,1.00515751306219e-20,3.43354926160699e-21
1,147,9.11453087504055e-21,3.11346135796664e-21
1,148,6.61599009962024e-21,2.25997693159011e-21
1,149,5.69493664838596e-21,1.94535137725768e-21
1,150,4.81220581547664e-21,1.64381656702679e-21
1,151,3.84984067866033e-21,1.31507922367795e-21
1,152,3.33353559449813e-21,1.1387129410355e-21
1,153,2.22613807686738e-21,7.60433529146824e-22
1,154,1.70885003019606e-21,5.83731473239636e-22
1,155,1.28024271045414e-21,4.37322146632117e-22
1,156,1.07890582390211e-21,3.68546844336566e-22
1,157,9.63777266308609e-22,3.29219717117391e-22
1,158,6.27894859276234e-22,2.14484585989595e-22
1,159,5.64760049875142e-22,1.92918167255838e-22
1,160,3.52281165689839e-22,1.20336834835713e-22
1,161,3.12626460391574e-22,1.06791058942211e-22
1,162,2.09654731544872e-22,7.16166212094734e-23
1,163,1.53814193312408e-22,5.25418755776458e-23
1,164,1.2011027861537e-22,4.10288490203723e-23
1,165,8.25827765937455e-23,2.82097112054683e-23
1,166,7.15797339593433e-23,2.44511471573633e-23
1,167,4.56208714414495e-23,1.55837774096174e-23
1,168,4.12087166269503e-23,1.40766155261761e-23
1,169,2.92351972486354e-23,9.98654326526203e-24
1,170,2.47469894117025e-23,8.45340218994019e-24
1,171,1.78060306268991e-23,6.08241817990158e-24
1,172,1.50486262512136e-23,5.14050771959533e-24
1,173,1.10779423172717e-23,3.78414926708508e-24
1,174,8.65476708883471e-24,2.956409195681e-24
1,175,7.05324842986526e-24,2.40934138416934e-24
1,176,5.03561489178246e-24,1.72013157825814e-24
1,177,3.58416528568419e-24,1.22432632798488e-24
1,178,3.18185674716429e-24,1.08690048502769e-24
1,179,2.3890088453641e-24,8.16069068815189e-25
1,180,1.93895059703912e-24,6.62332251835265e-25
1,181,1.25297898060642e-24,4.28009043136316e-25
1,182,8.56779046921497e-25,2.9266985777737e-25
1,183,6.69305049756342e-25,2.28630023604922e-25
1,184,6.24800478262697e-25,2.13427566616404e-25
1,185,4.11937662666743e-25,1.4071508585441e-25
1,186,2.95228628208659e-25,1.00848078556656e-25
1,187,2.08386035898615e-25,7.11832434609312e-26
1,188,1.65885206021436e-25,5.66652508929899e-26
1,189,1.19735630576179e-25,4.09008718146498e-26
1,190,1.15675803126759e-25,3.95140625474396e-26
1,191,6.85360701495257e-26,2.34114524338028e-26
1,192,5.84003582781461e-26,1.99491626374689e-26
1,193,3.78220584764326e-26,1.29197562836281e-26
1,194,3.06874314762141e-26,1.04826165368623e-26
1,195,1.58702655830399e-26,5.42117409122745e-27
1,196,1.56094318290298e-26,5.33207506626418e-27
1,197,1.03175425892392e-26,3.52440192492391e-27
1,198,8.06804769402801e-27,2.75598986650822e-27
1,199,5.56618506189245e-27,1.90137071661587e-27
1,200,5.21490610814296e-27,1.78137623051884e-27
1,201,3.04551459852908e-27,1.04032694031566e-27
1,202,2.49769822741908e-27,8.53196617746548e-28
1,203,1.28807679363851e-27,4.39998215823612e-28
1,204,1.24508238735084e-27,4.25311620932377e-28
1,205,8.47273156825939e-28,2.89422710788528e-28
1,206,3.86176630543454e-28,1.31915293615312e-28
1,207,1.87658067436714e-28,6.41027113172523e-29
1,208,1.13716885245201e-28,3.88449096078886e-29
1,209,5.84702931774817e-29,1.99730519203776e-29
1,210,2.89798524113493e-29,9.89931921668004e-30
1,211,1.46425207706158e-29,5.0017848672144e-30
1,212,1.00089163629465e-29,3.41897731856829e-30
1,213,8.00914794984415e-30,2.73587011706366e-30
1,214,5.92616516953253e-30,2.02433745732254e-30
1,215,4.57971164963616e-30,1.56439815139783e-30
1,216,3.80057289280032e-30,1.29824968526607e-30
1,217,2.15094982145067e-30,7.34749735759945e-31
1,218,6.76257817131029e-31,2.31005041348435e-31
1,219,6.50814193814519e-32,2.2231367378507e-32
1,220,3.72349062639401e-32,1.27191891068965e-32
1,221,1.17737188162971e-32,4.02182175656328e-33
1,222,6.72043562276778e-33,2.2956548073679e-33
1,223,3.02959043295856e-33,1.03488735435766e-33
1,224,1.07620667220032e-33,3.67624832590923e-34
1,225,4.73574599473406e-34,1.61769841562846e-34
1,226,2.87404112162476e-34,9.81752774340783e-35
1,227,1.82517740292776e-34,6.2346810750413e-35
1,228,1.13161532104048e-34,3.86552047762619e-35
1,229,4.54972359418674e-35,1.55415443692449e-35
1,230,2.2711736874311e-35,7.75817385446718e-36
1,231,7.85254463921372e-36,2.68237549810168e-36
1,232,3.99255897376173e-36,1.36383081637812e-36
1,233,1.91107422307827e-36,6.52809873303968e-37
1,234,6.82386307107958e-37,2.33098491575051e-37
1,235,2.93590707361141e-37,1.0028857600671e-37
1,236,9.60906820204148e-38,3.28239192376306e-38
1,237,5.48760538191682e-38,1.87452843581396e-38
1,238,2.06484556215932e-38,7.05337110169518e-39
1,239,6.9372210092797e-39,2.3697072115048e-39
1,240,2.47282946851972e-39,8.44701619933136e-40
