"required_revenue","lambda","achieved_revenue","welfare","efficiency","build_probability","channel","epsilon"
0,0,0.0591902831496768,100.045312468203,1,1,"Laplace",1
0.0115410061513952,0,0.0591902831496768,100.045312468203,1,1,"Laplace",1
0.0230820123027903,0,0.0591902831496768,100.045312468203,1,1,"Laplace",1
0.0346230184541855,0,0.0591902831496768,100.045312468203,1,1,"Laplace",1
0.0461640246055807,0,0.0591902831496768,100.045312468203,1,1,"Laplace",1
0.0577050307569759,0,0.0591902831496768,100.045312468203,1,1,"Laplace",1
0.069246036908371,11.7031025018168,0.0696421577035202,99.9289271334388,0.998836673784178,0.9988,"Laplace",1
0.0807870430597662,12.9204370970773,0.0810235297397449,99.7869558405097,0.99741760387049,0.99735,"Laplace",1
0.0923280492111614,13.9399243947872,0.0925914431428465,99.6316423517442,0.995865172427839,0.99575,"Laplace",1
0.103869055362557,14.7916018748489,0.10412366324522,99.463627000725,0.994185779891856,0.99405,"Laplace",1
0.115410061513952,15.3669621690612,0.115501564910023,99.290493766121,0.992455231699915,0.9923,"Laplace",1
0.126951067665347,15.8332516054948,0.127112042067982,99.1077769427786,0.990628891026528,0.99045,"Laplace",1
0.138492073816742,16.2668063637519,0.138712738304357,98.9201448877868,0.988753420298687,0.98855,"Laplace",1
0.150033079968137,16.6970620184133,0.150298787764382,98.7281762474744,0.986834603358879,0.9866,"Laplace",1
0.161574086119532,17.1781564193523,0.161577862092952,98.5369531542533,0.984923238513256,0.98465,"Laplace",1
0.173115092270928,17.7504344173068,0.173343242383302,98.3268015805747,0.982822674593828,0.98255,"Laplace",1
0.184656098422323,18.182360406751,0.184809928389312,98.1202211394939,0.980757805826024,0.98045,"Laplace",1
0.196197104573718,18.6166977124279,0.196285584657533,97.9115382702537,0.978671922298932,0.9783,"Laplace",1
0.207738110725113,19.0894097700513,0.207741049278077,97.6965146689563,0.976522660169677,0.9761,"Laplace",1
0.219279116876508,19.4213146111762,0.219491066740033,97.4709330388866,0.974267865572064,0.9738,"Laplace",1
0.230820123027903,19.8678084046764,0.230996035494363,97.2443292523004,0.972002854038833,0.9715,"Laplace",1
0.242361129179299,20.2714123615311,0.242498424009582,97.0102774115628,0.969663395697775,0.96915,"Laplace",1
0.253902135330694,20.6597662855903,0.254021452013975,96.7746682963609,0.967308371665272,0.96675,"Laplace",1
0.265443141482089,21.0245962637036,0.265580575354334,96.5347631329691,0.964910406608507,0.9643,"Laplace",1
0.276984147633484,21.3252637655795,0.277206907790667,96.2884101707441,0.962447992766747,0.961799999999999,"Laplace",1
0.288525153784879,21.7087937916469,0.288657724234065,96.0421015828486,0.959986022467301,0.959299999999999,"Laplace",1
0.300066159936275,22.129368900186,0.30012983872415,95.7866937940146,0.957433101370521,0.956749999999999,"Laplace",1
0.31160716608767,22.4769214158959,0.311608963394865,95.5312733671433,0.954880053950608,0.954149999999999,"Laplace",1
0.323148172239065,22.9017368931521,0.323320514313009,95.2650140542567,0.952218666761966,0.951449999999999,"Laplace",1
0.33468917839046,23.3154916141879,0.33482961742775,94.995761848407,0.949527364199087,0.948749999999999,"Laplace",1
0.346230184541855,23.6471244325198,0.346371812009785,94.7237957801504,0.94680893530375,0.945999999999999,"Laplace",1
0.35777119069325,24.1079488419564,0.357937868653195,94.4479299124784,0.944051526077209,0.943199999999999,"Laplace",1
0.369312196844646,24.5476679499226,0.369492760358235,94.1626652390358,0.941200171361982,0.940349999999999,"Laplace",1
0.380853202996041,24.9291647474213,0.381047753708952,93.876180535899,0.938336621875563,0.937449999999999,"Laplace",1
0.392394209147436,25.1934230783416,0.392470321814827,93.5892378541976,0.935468494677774,0.934549999999999,"Laplace",1
0.403935215298831,25.5215730077915,0.40395134131144,93.2997080422266,0.932574507894905,0.931599999999999,"Laplace",1
0.415476221450226,25.9143516928575,0.415659698490979,92.9959521438245,0.929538324680438,0.92855,"Laplace",1
0.427017227601621,26.3454113324504,0.427179287922446,92.6923090213761,0.926503268714723,0.9255,"Laplace",1
0.438558233753017,26.7461080074178,0.438706201148672,92.3850560374726,0.923432130484223,0.9224,"Laplace",1
0.450099239904412,27.2290224768622,0.450230889455009,92.0750695284295,0.920333669382993,0.919250000000001,"Laplace",1
0.461640246055807,27.6926894073923,0.46173830891958,91.7606193493608,0.917190591798337,0.916050000000001,"Laplace",1
0.473181252207202,28.0256422919621,0.473260532791587,91.4391377027336,0.91397723138498,0.912800000000001,"Laplace",1
0.484722258358597,28.4940787535266,0.484799764144057,91.1116773675902,0.910704111165105,0.909500000000002,"Laplace",1
0.496263264509992,28.892625268614,0.496331209408836,90.7836732223644,0.907425555307428,0.906150000000002,"Laplace",1
0.507804270661388,29.1996345342561,0.507896771042707,90.4450107884597,0.904040464836424,0.902750000000003,"Laplace",1
0.519345276812783,29.5926124402653,0.519495649924378,90.1033920655786,0.900625824865264,0.899300000000003,"Laplace",1
0.530886282964178,30.0426334893262,0.530939220519306,89.7617139363885,0.897210591100078,0.895850000000003,"Laplace",1
0.542427289115573,30.4895571829343,0.542541665102794,89.4123441941752,0.89371847604147,0.892300000000004,"Laplace",1
0.553968295266968,31.0008356508561,0.554125227939947,89.0570923154734,0.890167566259318,0.888700000000004,"Laplace",1
0.565509301418364,31.5964223378705,0.56566264554793,88.6931732431381,0.886530023796237,0.885050000000005,"Laplace",1
0.577050307569759,32.1434342382928,0.577143966918167,88.329787241389,0.882897809624638,0.881350000000005,"Laplace",1
0.588591313721154,32.6049377955344,0.588606542221025,87.9573454242419,0.879175078314608,0.877600000000005,"Laplace",1
0.600132319872549,33.2079533884269,0.600179380796018,87.5782012103631,0.875385353393719,0.873750000000006,"Laplace",1
0.611673326023944,33.8138012374747,0.611714111401699,87.1932776949988,0.871537861633556,0.869850000000006,"Laplace",1
0.623214332175339,34.3428018305702,0.62334060666032,86.7972890667129,0.867579768860227,0.865850000000007,"Laplace",1
0.634755338326735,34.9062492055372,0.63478519926259,86.4017124518012,0.863625794354551,0.861850000000007,"Laplace",1
0.64629634447813,35.4906319506265,0.646326580297115,85.9928742154634,0.859539263699076,0.857750000000008,"Laplace",1
0.657837350629525,36.0690483361301,0.657942912724229,85.5741182362068,0.855353600533801,0.853550000000008,"Laplace",1
0.66937835678092,36.8591559294178,0.669485906822774,85.1529715949393,0.85114404157619,0.849300000000008,"Laplace",1
0.680919362932315,37.5800067502874,0.680935718217844,84.7265411807564,0.846881668820661,0.845000000000009,"Laplace",1
0.69246036908371,38.2335829567821,0.692569284721336,84.2844226156458,0.842462485610542,0.84055000000001,"Laplace",1
0,0,0.0466791088724124,100.045312468203,1,1,"Logistic",1
0.0115410061513952,0,0.0466791088724124,100.045312468203,1,1,"Logistic",1
0.0230820123027903,0,0.0466791088724124,100.045312468203,1,1,"Logistic",1
0.0346230184541855,0,0.0466791088724124,100.045312468203,1,1,"Logistic",1
0.0461640246055807,0,0.0466791088724124,100.045312468203,1,1,"Logistic",1
0.0577050307569759,19.8210136426941,0.0578737039899718,99.8439748391681,0.997987535606937,0.99795,"Logistic",1
0.069246036908371,21.9573897115423,0.069351038521361,99.6000662486478,0.995549554411188,0.9955,"Logistic",1
0.0807870430597662,23.4401565512787,0.0808473587386203,99.3382222912519,0.99293230077945,0.99285,"Logistic",1
0.0923280492111614,24.9483825955385,0.0924903900755381,99.0581387730754,0.990132734150422,0.99,"Logistic",1
0.103869055362557,26.4192637010594,0.104005845751,98.7592843391703,0.987145543381239,0.987,"Logistic",1
0.115410061513952,27.488184854503,0.115528407181063,98.4453398864559,0.984007520769594,0.98385,"Logistic",1
0.126951067665347,28.4216398060768,0.127017930792554,98.1238597281638,0.980794175232847,0.9806,"Logistic",1
0.138492073816742,29.4104384406242,0.138492647136862,97.7917621993543,0.977474704079063,0.97725,"Logistic",1
0.150033079968137,30.3718729258918,0.150098562762699,97.4434072156493,0.9739927320095,0.97375,"Logistic",1
0.161574086119532,31.354476524766,0.161620021111237,97.0884328880263,0.970444596481053,0.97015,"Logistic",1
0.173115092270928,32.2785046351072,0.17313376111371,96.7211580753363,0.966773511813226,0.96645,"Logistic",1
0.184656098422323,33.2828585965239,0.184756990537932,96.3379781105677,0.96294344766214,0.9626,"Logistic",1
0.196197104573718,34.2277503573731,0.196333988285037,95.9458255920726,0.959023698612232,0.958649999999999,"Logistic",1
0.207738110725113,35.0695907510225,0.207761966726104,95.5468930057495,0.955036179592288,0.954649999999999,"Logistic",1
0.219279116876508,35.8957696580255,0.219343444393937,95.1364563761379,0.95093367224351,0.950499999999999,"Logistic",1
0.230820123027903,36.8882581495761,0.230913623903311,94.7145984674374,0.946717003833038,0.946249999999999,"Logistic",1
0.242361129179299,37.7959323410607,0.242468326209927,94.2806991133167,0.942379975506412,0.941899999999999,"Logistic",1
0.253902135330694,38.7603543679304,0.253986052419811,93.837347365713,0.937948466056686,0.937449999999999,"Logistic",1
0.265443141482089,39.7263828717833,0.265483029497212,93.385691212794,0.933433950166073,0.932899999999999,"Logistic",1
0.276984147633484,40.8325026696895,0.277034524460568,92.9195335984632,0.928774485341282,0.9282,"Logistic",1
0.288525153784879,41.8228331110605,0.288551364598676,92.4422964792745,0.924004275649146,0.9234,"Logistic",1
0.300066159936275,42.8580156421951,0.300139366043361,91.9515528884259,0.919099062413847,0.918450000000001,"Logistic",1
0.31160716608767,43.7980942698303,0.311710635341339,91.449323950196,0.914079047724109,0.913400000000001,"Logistic",1
0.323148172239065,44.9758219350813,0.323232263764806,90.9368004995377,0.908956134535935,0.908250000000002,"Logistic",1
0.33468917839046,45.9429705930415,0.334794546547983,90.4117380638174,0.903707888288644,0.902950000000003,"Logistic",1
0.346230184541855,46.9520941327202,0.346230887480134,89.8744196124538,0.898337137394799,0.897600000000003,"Logistic",1
0.35777119069325,48.2057444550482,0.357806764072595,89.3217736046706,0.892813180358243,0.892050000000004,"Logistic",1
0.369312196844646,49.3210389780907,0.369317301378009,88.7594397096266,0.887192388327404,0.886400000000004,"Logistic",1
0.380853202996041,50.6415256827639,0.38094785303131,88.1761907201777,0.881362540081048,0.880550000000005,"Logistic",1
0.392394209147436,51.8120854786384,0.392487672823902,87.5839118203076,0.875442433628701,0.874600000000006,"Logistic",1
0.403935215298831,53.1241818216493,0.403937274317828,86.9816033052532,0.869422076450589,0.868550000000006,"Logistic",1
0.415476221450226,54.6187398765732,0.415564640604343,86.3503916549141,0.863112818827553,0.862250000000007,"Logistic",1
0.427017227601621,55.95227323998,0.42706604661091,85.7111057485425,0.856722855214067,0.855850000000008,"Logistic",1
0.438558233753017,57.7298739982621,0.438603811239014,85.0566497061224,0.850181258948594,0.849250000000008,"Logistic",1
0.450099239904412,59.4690866919387,0.450130170767191,84.3837865893831,0.843455675309148,0.842450000000009,"Logistic",1
0.461640246055807,61.176814020163,0.461677215834364,83.6898408626005,0.836519361056513,0.83545000000001,"Logistic",1
0.473181252207202,63.2825824569427,0.473183248203161,82.9727585341704,0.829351785577571,0.828250000000011,"Logistic",1
0.484722258358597,65.4053119656878,0.484777372858534,82.2262952021125,0.821890533134633,0.820750000000012,"Logistic",1
0.496263264509992,67.3427463220494,0.49631618054428,81.4585878670343,0.814216936879714,0.813050000000012,"Logistic",1
0.507804270661388,70.1485246756031,0.507814188702876,80.6692552204269,0.806327185454746,0.805100000000013,"Logistic",1
0.519345276812783,72.9999137757194,0.519358423060858,79.8498297531054,0.798136642118875,0.796800000000014,"Logistic",1
0.530886282964178,75.4257242617165,0.530898518781844,78.9966439303111,0.789608648135495,0.788200000000015,"Logistic",1
0.542427289115573,78.7578128487185,0.542454592736484,78.1017726956794,0.78066398883508,0.779250000000016,"Logistic",1
0.553968295266968,82.4233804811405,0.554008390498413,77.1733364928112,0.77138383187457,0.769900000000017,"Logistic",1
0.565509301418364,86.1407507987048,0.565523898838703,76.2041323147122,0.761696179807842,0.760150000000018,"Logistic",1
0.577050307569759,90.2969053196911,0.577062115095957,75.1860372957908,0.751519840769019,0.749950000000019,"Logistic",1
0.588591313721154,94.9923192597242,0.5886330405453,74.1172403333789,0.740836711934256,0.73920000000002,"Logistic",1
0.600132319872549,100.296850325152,0.600136702607689,72.9950190497046,0.729619581856013,0.727950000000022,"Logistic",1
0.611673326023944,107.192800945978,0.611705703174575,71.7935024299955,0.717609857561425,0.715900000000023,"Logistic",1
0.623214332175339,115.24705225254,0.62322181237318,70.5130097908943,0.70481073077067,0.703100000000024,"Logistic",1
0.634755338326735,124.076239513188,0.634781000887235,69.125705907771,0.690943975308596,0.689250000000026,"Logistic",1
0.64629634447813,136.390300624598,0.6463238353649,67.6220018999389,0.675913745798244,0.674200000000028,"Logistic",1
0.657837350629525,151.902120167537,0.657853960157488,65.965827526617,0.659359503200938,0.65760000000003,"Logistic",1
0.66937835678092,171.883853748042,0.669387863339559,64.1047823219549,0.640757480190078,0.638950000000032,"Logistic",1
0.680919362932315,210.103419769249,0.680939696007716,61.9217004229283,0.618936548802409,0.617050000000034,"Logistic",1
0.69246036908371,283.781248095513,0.692473994628173,59.1481066087128,0.591213172806187,0.589250000000037,"Logistic",1
0,0,0.0777296511772863,100.045312468203,1,1,"Laplace",2
0.0222675396627036,0,0.0777296511772863,100.045312468203,1,1,"Laplace",2
0.0445350793254073,0,0.0777296511772863,100.045312468203,1,1,"Laplace",2
0.0668026189881109,0,0.0777296511772863,100.045312468203,1,1,"Laplace",2
0.0890701586508145,6.20911349440823,0.0891454906611229,99.979521872799,0.999342392024363,0.9993,"Laplace",2
0.111337698313518,7.13074135322983,0.111701124188074,99.8233385186357,0.997781265867523,0.9977,"Laplace",2
0.133605237976222,7.61575158549064,0.13372694165287,99.6612305760391,0.996160920659965,0.996,"Laplace",2
0.155872777638925,8.03939439949595,0.156399726069073,99.4820393981756,0.994369820473032,0.99415,"Laplace",2
0.178140317301629,8.44191751366012,0.178503564767966,99.2983635658265,0.992533894053116,0.99225,"Laplace",2
0.200407856964333,8.75227165629538,0.200933306947438,99.1047883783181,0.990599018917713,0.99025,"Laplace",2
0.222675396627036,9.04240854399817,0.223118533629744,98.9060113922578,0.988612149356748,0.9882,"Laplace",2
0.24494293628974,9.40231418060513,0.245108327686022,98.7005397069135,0.986558363124538,0.9861,"Laplace",2
0.267210475952444,9.67985769931644,0.267332366859392,98.4887601943215,0.984441527189229,0.9839,"Laplace",2
0.289478015615147,9.96113717362572,0.289485301922364,98.2707089316173,0.982262002158773,0.98165,"Laplace",2
0.311745555277851,10.1736128014122,0.312069183709648,98.0429771565034,0.979985715849144,0.9793,"Laplace",2
0.334013094940554,10.3868069844778,0.334183350130795,97.8150857766432,0.977707834214933,0.97695,"Laplace",2
0.356280634603258,10.6175085557748,0.356353440406245,97.5846335161994,0.975404355373613,0.97455,"Laplace",2
0.378548174265962,10.8759295082926,0.378917827429757,97.3398353539306,0.972957482489422,0.97205,"Laplace",2
0.400815713928665,11.13354420472,0.400953774535148,97.0955580499505,0.97051581582905,0.96955,"Laplace",2
0.423083253591369,11.3849214951187,0.423386192032374,96.8412639632792,0.967974026709724,0.96695,"Laplace",2
0.445350793254073,11.6196567136645,0.445359240638759,96.5851991157338,0.965414538001777,0.96435,"Laplace",2
0.467618332916776,11.8434076602699,0.467761651277996,96.3224060894111,0.962787797979288,0.96165,"Laplace",2
0.48988587257948,12.0640148118141,0.490152676384571,96.0567039864171,0.96013198036586,0.958899999999999,"Laplace",2
0.512153412242183,12.2742010134572,0.512545836408709,95.787308316559,0.957439243812673,0.956099999999999,"Laplace",2
0.534420951904887,12.5067478306847,0.534557298225106,95.5138794020991,0.954706193080818,0.953299999999999,"Laplace",2
0.556688491567591,12.6978241693018,0.556975642084895,95.2315595701058,0.951884273442323,0.950399999999999,"Laplace",2
0.578956031230294,12.9010133949377,0.579041204974577,94.9518011874949,0.949087956696351,0.947499999999999,"Laplace",2
0.601223570892998,13.1487736623436,0.601519473667252,94.6580614301219,0.946151889527123,0.944499999999999,"Laplace",2
0.623491110555702,13.399550163934,0.623532868631881,94.3654550412221,0.943227150909382,0.941499999999999,"Laplace",2
0.645758650218405,13.6110480381416,0.645951009782501,94.0613595104951,0.940187572909926,0.938399999999999,"Laplace",2
0.668026189881109,13.7823781617593,0.668054518165445,93.7564472356609,0.937139831168592,0.935299999999999,"Laplace",2
0.690293729543813,14.0397356915631,0.690506756207505,93.4425973703135,0.934002754002211,0.932099999999999,"Laplace",2
0.712561269206516,14.243174009184,0.712593572308327,93.1318280573609,0.930896468407357,0.9289,"Laplace",2
0.73482880886922,14.4389707832073,0.735083150897617,92.8082114130887,0.92766176768737,0.9256,"Laplace",2
0.757096348531923,14.6769407162337,0.757254911132174,92.4856680018657,0.924437794436994,0.9223,"Laplace",2
0.779363888194627,14.9284383599771,0.779396758206349,92.1560257649845,0.921142865081999,0.918950000000001,"Laplace",2
0.801631427857331,15.2157974070583,0.801793737329641,91.8184182587702,0.917768319109926,0.915500000000001,"Laplace",2
0.823898967520034,15.4493078228067,0.824130364712777,91.4759546357304,0.914345233963897,0.912000000000001,"Laplace",2
0.846166507182738,15.730240631941,0.846427550073216,91.128753954144,0.91087479968746,0.908450000000002,"Laplace",2
0.868434046845442,16.0384863342437,0.868627946281863,90.7778998239505,0.907367847472134,0.904850000000002,"Laplace",2
0.890701586508145,16.230678412582,0.890780362226203,90.4214209610844,0.903804673405588,0.901200000000003,"Laplace",2
0.912969126170849,16.4831954962912,0.913237840930523,90.0540100615945,0.900132228486126,0.897450000000003,"Laplace",2
0.935236665833552,16.7396517163762,0.935368098784287,89.6842710488568,0.896436512978663,0.893700000000003,"Laplace",2
0.957504205496256,17.0571516584244,0.957708778238265,89.3091284312882,0.892686785896869,0.889850000000004,"Laplace",2
0.97977174515896,17.3932583513162,0.979954287702037,88.925509232649,0.888852331396453,0.885950000000004,"Laplace",2
1.00203928482166,17.612120540313,1.0020907826624,88.5389712780539,0.884988702556092,0.882000000000005,"Laplace",2
1.02430682448437,17.8608856444304,1.02451031207276,88.1422753044219,0.881023539533006,0.877950000000005,"Laplace",2
1.04657436414707,18.1633319361997,1.0465973359102,87.7440932407397,0.877043522340208,0.873900000000006,"Laplace",2
1.06884190380977,18.5038531629651,1.06910533162616,87.3299646668494,0.872904112270177,0.869700000000006,"Laplace",2
1.09110944347248,18.8320372586268,1.09120549782266,86.9183433433567,0.868789763348297,0.865500000000007,"Laplace",2
1.11337698313518,19.1975400940584,1.11342271391857,86.4955532160254,0.864563776973717,0.861200000000007,"Laplace",2
1.13564452279789,19.5439769092258,1.13573337432721,86.0633062188238,0.860243264732436,0.856800000000008,"Laplace",2
1.15791206246059,19.8718303093953,1.15793660355941,85.624274589145,0.855854936895304,0.852350000000008,"Laplace",2
1.18017960212329,20.2554126587026,1.18023630093821,85.1757128707167,0.851371351334303,0.847800000000009,"Laplace",2
1.202447141786,20.6178108438662,1.20261047818463,84.7177651150919,0.846793947912525,0.843150000000009,"Laplace",2
1.2247146814487,21.0369984442431,1.22482174506307,84.2557441234098,0.842175830578652,0.83845000000001,"Laplace",2
1.2469822211114,21.4791178043502,1.24706795014303,83.784194572486,0.837462470809061,0.83365000000001,"Laplace",2
1.26924976077411,21.9405135386427,1.26930187468661,83.301682867387,0.832639539147446,0.828750000000011,"Laplace",2
1.29151730043681,22.4097463796777,1.29173192205137,82.8030341192625,0.827655310143385,0.823700000000011,"Laplace",2
1.31378484009951,22.9631530432779,1.31390479994909,82.3004620220663,0.822631865418216,0.818600000000012,"Laplace",2
1.33605237976222,23.5165665193492,1.33619480665227,81.7840234801059,0.817469819049232,0.813350000000012,"Laplace",2
0,0,0.0623366601386273,100.045312468203,1,1,"Logistic",2
0.0222675396627036,0,0.0623366601386273,100.045312468203,1,1,"Logistic",2
0.0445350793254073,0,0.0623366601386273,100.045312468203,1,1,"Logistic",2
0.0668026189881109,8.56040308042676,0.0673195753697609,100.007275575087,0.999619803345328,0.9996,"Logistic",2
0.0890701586508145,10.4206219969903,0.089497951355493,99.7915955079784,0.99746397953122,0.9974,"Logistic",2
0.111337698313518,11.209189421764,0.111401485792802,99.5539833779903,0.995088934422899,0.99495,"Logistic",2
0.133605237976222,12.0280101342004,0.133978457403028,99.2894313675356,0.992444612525871,0.99225,"Logistic",2
0.155872777638925,12.7921770904117,0.155948486028666,99.0142523042058,0.989694068232081,0.98945,"Logistic",2
0.178140317301629,13.2994136074764,0.178374100108197,98.7212316971221,0.986765189308575,0.98645,"Logistic",2
0.200407856964333,13.9339757817895,0.200562782954671,98.4187688689821,0.983741930940163,0.98335,"Logistic",2
0.222675396627036,14.4900637134214,0.222881967022453,98.0987018557545,0.980542710453652,0.9801,"Logistic",2
0.24494293628974,14.9293661562533,0.245170433809338,97.7697354543844,0.977254536392777,0.97675,"Logistic",2
0.267210475952444,15.4426722595341,0.267390432133688,97.4290768985936,0.973849493743737,0.9733,"Logistic",2
0.289478015615147,15.9097686699484,0.289549657497803,97.0813329987411,0.970373629744981,0.96975,"Logistic",2
0.311745555277851,16.3794108419349,0.31199503435353,96.718404991635,0.966745993445465,0.96605,"Logistic",2
0.334013094940554,16.8533519466459,0.334123658187773,96.3480243563641,0.963043864618703,0.9623,"Logistic",2
0.356280634603258,17.3702489945938,0.356426120871831,95.9675653931105,0.959240998158822,0.958399999999999,"Logistic",2
0.378548174265962,17.8319013545285,0.378731372541159,95.5724208477576,0.955291342391807,0.954399999999999,"Logistic",2
0.400815713928665,18.2121566685549,0.401070639973627,95.1686408752893,0.951255371465167,0.950299999999999,"Logistic",2
0.423083253591369,18.6403143930929,0.423185957077903,94.7624785469588,0.947195587770057,0.946149999999999,"Logistic",2
0.445350793254073,19.153029932128,0.445546416499645,94.3382802325809,0.942955525902964,0.941849999999999,"Logistic",2
0.467618332916776,19.6841138174672,0.467839787155781,93.905974657667,0.93863442814987,0.937449999999999,"Logistic",2
0.48988587257948,20.0812543068026,0.490081262102564,93.4622950986371,0.934199642070604,0.932949999999999,"Logistic",2
0.512153412242183,20.6344142431213,0.512331291271084,93.0120911949047,0.929699642094338,0.92835,"Logistic",2
0.534420951904887,21.1225067809571,0.534477832883201,92.5465500034283,0.925046338706192,0.92365,"Logistic",2
0.556688491567591,21.6318169661662,0.556829217739133,92.0657251569977,0.920240267991151,0.918800000000001,"Logistic",2
0.578956031230294,22.0827066458719,0.57912305040626,91.5781141197041,0.915366366103458,0.913850000000001,"Logistic",2
0.601223570892998,22.6558311371534,0.601344686331429,91.0808867072342,0.910396344018436,0.908800000000002,"Logistic",2
0.623491110555702,23.3186815904447,0.623654801976667,90.5685048653953,0.905274846277082,0.903600000000002,"Logistic",2
0.645758650218405,23.8423380521622,0.645804191965597,90.046374724794,0.900055909700047,0.898300000000003,"Logistic",2
0.668026189881109,24.4142572943743,0.668087268382201,89.507528213943,0.894669885132206,0.892850000000004,"Logistic",2
0.690293729543813,25.0080617177309,0.690436127919932,88.9529654384896,0.889126769100361,0.887250000000004,"Logistic",2
0.712561269206516,25.5831327580061,0.712693506330793,88.3882656171184,0.883482328521992,0.881550000000005,"Logistic",2
0.73482880886922,26.157971712597,0.734998595260955,87.8121132418407,0.877723414275401,0.875700000000005,"Logistic",2
0.757096348531923,26.785390322185,0.757197564696558,87.2228486947255,0.871833437698014,0.869750000000006,"Logistic",2
0.779363888194627,27.5363430323945,0.779367925219109,86.6201028715599,0.865808709419443,0.863650000000007,"Logistic",2
0.801631427857331,28.2477960770351,0.801692400724036,86.0026985946414,0.859637462994333,0.857350000000008,"Logistic",2
0.823898967520034,28.934874860014,0.823998736894928,85.3628963682797,0.853242338519459,0.850900000000008,"Logistic",2
0.846166507182738,29.6377702779391,0.846278457319093,84.7064334424714,0.84668068250967,0.844300000000009,"Logistic",2
0.868434046845442,30.4693386753206,0.868482612697209,84.0416802651317,0.840036161532727,0.83755000000001,"Logistic",2
0.890701586508145,31.4754710268166,0.890852045821236,83.3511853481023,0.833134339748235,0.83055000000001,"Logistic",2
0.912969126170849,32.4315233855203,0.913007906839201,82.6388420873784,0.826014133482196,0.823400000000011,"Logistic",2
0.935236665833552,33.5708946472812,0.935353822434904,81.8970229476988,0.81859930192859,0.815950000000012,"Logistic",2
0.957504205496256,34.6592756207922,0.957574617438806,81.1336075111185,0.810968605219807,0.808300000000013,"Logistic",2
0.97977174515896,35.9431609598196,0.979871418379941,80.3448660649573,0.803084763121639,0.800350000000014,"Logistic",2
1.00203928482166,37.1700192966816,1.00210284633026,79.53708632021,0.795010624265767,0.792150000000015,"Logistic",2
1.02430682448437,38.7630685592939,1.02435837230548,78.6937713657808,0.786581294258955,0.783650000000016,"Logistic",2
1.04657436414707,40.2810680337565,1.04659161019583,77.819384720441,0.777841388072768,0.774800000000017,"Logistic",2
1.06884190380977,42.0378520780109,1.06887888042546,76.9063029390869,0.768714705784237,0.765550000000018,"Logistic",2
1.09110944347248,43.9619727678666,1.09111627456618,75.9508529170053,0.759164532982435,0.755900000000019,"Logistic",2
1.11337698313518,46.1814267409801,1.11337970662564,74.949157053419,0.749152111221999,0.74580000000002,"Logistic",2
1.13564452279789,48.6043880464867,1.13571125710729,73.8923713309546,0.738589040385469,0.735150000000021,"Logistic",2
1.15791206246059,51.2075761264584,1.15791383066573,72.7870449237213,0.727540782551454,0.724000000000022,"Logistic",2
1.18017960212329,54.7531951382076,1.18019989379348,71.6047788587663,0.715723476614899,0.712100000000023,"Logistic",2
1.202447141786,58.7382247730786,1.20251356043522,70.3381632742976,0.70306305751859,0.699350000000025,"Logistic",2
1.2247146814487,63.7416780748513,1.22476839835769,68.984019521927,0.689527753175361,0.685650000000027,"Logistic",2
1.2469822211114,69.818896114253,1.24699224612492,67.5106888875003,0.674801119832144,0.670800000000028,"Logistic",2
1.26924976077411,77.7034165853337,1.26927134658519,65.873498973786,0.658436635846604,0.65435000000003,"Logistic",2
1.29151730043681,89.4075126062263,1.2915667399425,64.0081489788174,0.639791584429912,0.635700000000032,"Logistic",2
1.31378484009951,108.412698139033,1.31378873903132,61.8331727047879,0.618051672580262,0.613900000000034,"Logistic",2
1.33605237976222,144.369035950286,1.33606823933833,59.064979869062,0.590382281906854,0.586250000000037,"Logistic",2
0,0,0.113937491257346,100.045312468203,1,1,"Laplace",4
0.0406897458435232,0,0.113937491257346,100.045312468203,1,1,"Laplace",4
0.0813794916870463,0,0.113937491257346,100.045312468203,1,1,"Laplace",4
0.12206923753057,3.43470543793069,0.122941659336048,100.017229341484,0.999719295926752,0.9997,"Laplace",4
0.162758983374093,4.17607497876793,0.163251565483296,99.8597157032093,0.998144872953914,0.998,"Laplace",4
0.203448729217616,4.48083176868054,0.204090817650538,99.6820310801009,0.996368831491053,0.9961,"Laplace",4
0.244138475061139,4.83269807506717,0.244966761241771,99.4884113878862,0.994433511510157,0.99405,"Laplace",4
0.284828220904662,5.03196557798776,0.284967236400876,99.2908841491162,0.992459133761746,0.99195,"Laplace",4
0.325517966748185,5.25793192572508,0.326215050018563,99.0788312855515,0.99033956555477,0.9897,"Laplace",4
0.366207712591708,5.47260591781827,0.366673260843357,98.8608415146857,0.988160655164189,0.9874,"Laplace",4
0.406897458435232,5.65792676418865,0.407291779616607,98.6344753201663,0.985898018475526,0.985,"Laplace",4
0.447587204278755,5.83350045047798,0.448393331978155,98.3964428389661,0.983518771758935,0.9825,"Laplace",4
0.488276950122278,5.98245648023043,0.488566285886305,98.1578829400668,0.981134253254132,0.98,"Laplace",4
0.528966695965801,6.12937359506433,0.529300816049858,97.9100859701597,0.978657405875742,0.9774,"Laplace",4
0.569656441809324,6.28924992421757,0.56990029915503,97.6569321850691,0.976127014607574,0.97475,"Laplace",4
0.610346187652848,6.46584615981802,0.610885612698478,97.3942341819744,0.973501224386986,0.972,"Laplace",4
0.651035933496371,6.61873905431524,0.651669723201819,97.1266944129268,0.970827038436169,0.9692,"Laplace",4
0.691725679339894,6.76737069186296,0.692317802208165,96.8557283766809,0.968118605331599,0.96635,"Laplace",4
0.732415425183417,6.92639374292443,0.732787575007025,96.577675462904,0.965339335549566,0.96345,"Laplace",4
0.77310517102694,7.08869508120317,0.773695231142296,96.2924843556464,0.962488716162993,0.960449999999999,"Laplace",4
0.813794916870463,7.22600891412713,0.814457557430021,96.0004771396725,0.95956996656074,0.957399999999999,"Laplace",4
0.854484662713986,7.39345240974589,0.855004383094881,95.7036540400303,0.956603079933877,0.954299999999999,"Laplace",4
0.89517440855751,7.51277146199527,0.89548517477872,95.4019351337802,0.953587257414996,0.951149999999999,"Laplace",4
0.935864154401033,7.65330033639106,0.935977068771353,95.0947068778485,0.950516366352216,0.947949999999999,"Laplace",4
0.976553900244556,7.80187487989227,0.97695595184831,94.7775991118619,0.947346724935109,0.944649999999999,"Laplace",4
1.01724364608808,7.94922697155826,1.01783223808333,94.4549423638644,0.944121618830312,0.941299999999999,"Laplace",4
1.0579333919316,8.08578677009067,1.05794979956571,94.1324072204907,0.940897728220983,0.937949999999999,"Laplace",4
1.09862313777513,8.20711857110152,1.09868091820214,93.8036863322497,0.937612008179422,0.934499999999999,"Laplace",4
1.13931288361865,8.36277665811968,1.13933995687227,93.4687105060199,0.934263767087803,0.930999999999999,"Laplace",4
1.18000262946217,8.5173029403808,1.1804471667176,93.1226589284857,0.930804818647374,0.9274,"Laplace",4
1.2206923753057,8.68168361270187,1.22084228479222,92.7773383578925,0.927353176965481,0.9238,"Laplace",4
1.26138212114922,8.8433546914682,1.26163620887721,92.4224389273587,0.923805790068703,0.920100000000001,"Laplace",4
1.30207186699274,8.99886818240762,1.30222774561216,92.0585762911152,0.92016881171093,0.916350000000001,"Laplace",4
1.34276161283626,9.16824558168718,1.34315032043411,91.6891066886712,0.916475789086192,0.912500000000001,"Laplace",4
1.38345135867979,9.3170580732939,1.38391642610296,91.3134358710999,0.912720782396691,0.908600000000002,"Laplace",4
1.42414110452331,9.49278016641315,1.42451949347253,90.9323657064706,0.908911806691304,0.904650000000002,"Laplace",4
1.46483085036683,9.66848984479759,1.46489607185432,90.5432805891938,0.905022717760721,0.900650000000003,"Laplace",4
1.50552059621036,9.86127003163845,1.50557650177347,90.1461256587895,0.901052967248616,0.896550000000003,"Laplace",4
1.54621034205388,10.0191905661908,1.54651202799121,89.7419404179954,0.897012945474257,0.892350000000004,"Laplace",4
1.5869000878974,10.2459743793174,1.58720161176018,89.3314410642234,0.892909811167965,0.888100000000004,"Laplace",4
1.62758983374093,10.4205986154504,1.62804144330922,88.9106450868037,0.888703757260608,0.883750000000005,"Laplace",4
1.66827957958445,10.6591364436347,1.66846617434079,88.4861310301487,0.884460539400801,0.879350000000005,"Laplace",4
1.70896932542797,10.9030507041691,1.70900562477287,88.0499613438535,0.880100818035207,0.874850000000006,"Laplace",4
1.7496590712715,11.1434805483829,1.74995285504254,87.6011501733703,0.875614739083474,0.870200000000006,"Laplace",4
1.79034881711502,11.3753057177499,1.7905232946019,87.1446609589482,0.871051914467705,0.865500000000007,"Laplace",4
1.83103856295854,11.6359401233853,1.83105904807031,86.6806888517219,0.866414294815373,0.860700000000007,"Laplace",4
1.87172830880207,11.8773641705085,1.8720615233169,86.197433723077,0.86158393228541,0.855750000000008,"Laplace",4
1.91241805464559,12.1365878279945,1.91263053303136,85.7120100923931,0.856731894556623,0.850750000000008,"Laplace",4
1.95310780048911,12.4094999721472,1.95344727908673,85.2106683511135,0.8517207478181,0.845600000000009,"Laplace",4
1.99379754633264,12.6687753448268,1.99388452132341,84.7052857231677,0.846669210514876,0.840400000000009,"Laplace",4
2.03448729217616,12.9790783514454,2.03462701439775,84.1795342948101,0.841414077461794,0.83505000000001,"Laplace",4
2.07517703801968,13.3132534157181,2.07541084315854,83.6466331827951,0.836087479954446,0.829550000000011,"Laplace",4
2.1158667838632,13.6208401607892,2.11599911488449,83.0980010023172,0.830603643011538,0.823950000000011,"Laplace",4
2.15655652970673,13.9468307822434,2.15675875819341,82.5345481503534,0.824971666479475,0.818200000000012,"Laplace",4
2.19724627555025,14.2956959379453,2.19756986912135,81.9594745123504,0.819223534719821,0.812300000000012,"Laplace",4
2.23793602139377,14.6798684017472,2.23807109841513,81.3717857714951,0.813349309067899,0.806300000000013,"Laplace",4
2.2786257672373,15.0181453261695,2.27862911927693,80.771339874606,0.80734756963528,0.800150000000014,"Laplace",4
2.31931551308082,15.5159647160001,2.31942499291735,80.1497079641549,0.801134066022618,0.793800000000014,"Laplace",4
2.36000525892434,16.0309346891065,2.36009856026756,79.5101940164943,0.794741823029086,0.787250000000015,"Laplace",4
2.40069500476787,16.5173458803653,2.40079219863601,78.8495458956768,0.788138334024766,0.780500000000016,"Laplace",4
2.44138475061139,17.081969511042,2.44165734293841,78.1618099290928,0.781264089248904,0.773500000000017,"Laplace",4
0,0,0.0927857165365557,100.045312468203,1,1,"Logistic",4
0.0406897458435232,0,0.0927857165365557,100.045312468203,1,1,"Logistic",4
0.0813794916870463,0,0.0927857165365557,100.045312468203,1,1,"Logistic",4
0.12206923753057,5.19187958758918,0.1222939654327,99.9084572413023,0.998632067574936,0.99855,"Logistic",4
0.162758983374093,5.83917847809938,0.163313613419451,99.6811537318163,0.996360061981888,0.99615,"Logistic",4
0.203448729217616,6.28888534548721,0.204146029499563,99.4313904984067,0.993863560874063,0.99355,"Logistic",4
0.244138475061139,6.61627227084176,0.2447464002359,99.1679884013177,0.99123073290251,0.9908,"Logistic",4
0.284828220904662,6.97823695657265,0.28542986029967,98.8900837051752,0.988452944625516,0.9879,"Logistic",4
0.325517966748185,7.25939036356064,0.325746227419323,98.5997545257302,0.985550967788397,0.9849,"Logistic",4
0.366207712591708,7.52011552315857,0.36653363579836,98.2991431891506,0.982546215949822,0.98175,"Logistic",4
0.406897458435232,7.78092059484088,0.407232120592452,97.9854478689743,0.979410683535188,0.9785,"Logistic",4
0.447587204278755,8.06088544582043,0.447821566978753,97.6624986063701,0.976182653609179,0.97515,"Logistic",4
0.488276950122278,8.36551269893161,0.488775740511534,97.3273092115304,0.972832277798756,0.97165,"Logistic",4
0.528966695965801,8.61917116019194,0.529008685655762,96.9854021235534,0.969414755482699,0.9681,"Logistic",4
0.569656441809324,8.9010974162311,0.56978246251813,96.6297009671042,0.965859354957939,0.9644,"Logistic",4
0.610346187652848,9.16900713159971,0.610412498927881,96.2598337428308,0.962162357915814,0.960599999999999,"Logistic",4
0.651035933496371,9.35216431923608,0.651128230416458,95.8855199056079,0.95842091488377,0.956699999999999,"Logistic",4
0.691725679339894,9.59267153471412,0.691897481228332,95.5006138380757,0.954573597522903,0.952699999999999,"Logistic",4
0.732415425183417,9.83434292628136,0.732720632431653,95.1059448164586,0.950628694839507,0.948599999999999,"Logistic",4
0.77310517102694,10.0848129855475,0.773564970737206,94.6984436620434,0.946555528947354,0.944399999999999,"Logistic",4
0.813794916870463,10.2916670931042,0.81401289173907,94.2859738303684,0.94243269878671,0.940149999999999,"Logistic",4
0.854484662713986,10.5171150031099,0.854579764200245,93.8634697331329,0.938209571417602,0.935799999999999,"Logistic",4
0.89517440855751,10.7902951732663,0.895499014253711,93.4250691270175,0.933827550958075,0.931299999999999,"Logistic",4
0.935864154401033,11.0433766884628,0.935926859439055,92.980549992188,0.929384372923414,0.92675,"Logistic",4
0.976553900244556,11.3550268524132,0.976700192897985,92.5255574056513,0.924836507807981,0.92205,"Logistic",4
1.01724364608808,11.6917936495606,1.01760776037453,92.055717361615,0.920140235364576,0.917200000000001,"Logistic",4
1.0579333919316,11.9573089391897,1.05833632130837,91.5752903787506,0.915338141483195,0.912250000000002,"Logistic",4
1.09862313777513,12.260044154283,1.09898174899128,91.0821591021594,0.910409062204763,0.907200000000002,"Logistic",4
1.13931288361865,12.5482826070443,1.1394394858578,90.5816016528436,0.905405754833667,0.902050000000003,"Logistic",4
1.18000262946217,12.7964504453439,1.18021419795055,90.0704907056424,0.900296960282562,0.896750000000003,"Logistic",4
1.2206923753057,13.1082661566285,1.22090935983633,89.5454893421344,0.895049324480786,0.891350000000004,"Logistic",4
1.26138212114922,13.3988661222766,1.26174339887205,89.0055628943141,0.889652505434497,0.885800000000004,"Logistic",4
1.30207186699274,13.7443631968693,1.3024207584712,88.4562051729485,0.884161416368828,0.880150000000005,"Logistic",4
1.34276161283626,14.0865476109041,1.34282692273843,87.8934304437286,0.878536217992855,0.874400000000006,"Logistic",4
1.38345135867979,14.4868690673182,1.38348857596621,87.3105084114844,0.872709637837693,0.868450000000006,"Logistic",4
1.42414110452331,14.8494816344544,1.42415469777556,86.713001021848,0.86673727016853,0.862350000000007,"Logistic",4
1.46483085036683,15.2335910957343,1.46488604540007,86.1041035023592,0.860651052788957,0.856100000000008,"Logistic",4
1.50552059621036,15.6446069815345,1.50576837397926,85.4720576042877,0.854333456467067,0.849650000000008,"Logistic",4
1.54621034205388,16.0922004824959,1.54647218850099,84.8251337434935,0.847867147903137,0.843050000000009,"Logistic",4
1.5869000878974,16.5426023949928,1.5869818971229,84.1635588318653,0.841254395188325,0.83630000000001,"Logistic",4
1.62758983374093,17.0646865400599,1.62781971739256,83.476728227377,0.83438919993286,0.829300000000011,"Logistic",4
1.66827957958445,17.5398872084388,1.66832531260986,82.7739966896852,0.827365067363779,0.822150000000011,"Logistic",4
1.70896932542797,18.1261097144391,1.70901699150677,82.0428803725093,0.820057215560045,0.814750000000012,"Logistic",4
1.7496590712715,18.7954000049068,1.74974190003464,81.293604526734,0.812567850718354,0.807100000000013,"Logistic",4
1.79034881711502,19.4303101271077,1.79037804821313,80.5166918680591,0.804802242920169,0.799200000000014,"Logistic",4
1.83103856295854,20.2153466775609,1.83105193032957,79.7106858875243,0.7967458336727,0.791000000000015,"Logistic",4
1.87172830880207,20.9154172460566,1.87172905558514,78.8729595737549,0.788372364760444,0.782500000000016,"Logistic",4
1.91241805464559,21.6683566908029,1.91251718143471,78.0074181210761,0.77972087043927,0.773700000000017,"Logistic",4
1.95310780048911,22.6231036316391,1.95324216114063,77.1053350715882,0.770704125654005,0.764550000000018,"Logistic",4
1.99379754633264,23.618594596712,1.99398773885768,76.1648943668095,0.761303978045114,0.755000000000019,"Logistic",4
2.03448729217616,24.7920036476411,2.03459051343444,75.1827963473196,0.751487445963193,0.74505000000002,"Logistic",4
2.07517703801968,26.0140878824202,2.07523208950099,74.1537606590245,0.741201749783053,0.734600000000021,"Logistic",4
2.1158667838632,27.5381390745822,2.11595335722024,73.0628021453154,0.730297105809295,0.723550000000022,"Logistic",4
2.15655652970673,29.3729114073492,2.15656016967219,71.9063849144728,0.718738171139466,0.711900000000024,"Logistic",4
2.19724627555025,31.5190045410039,2.19735335496257,70.6616970387423,0.706296929815681,0.699350000000025,"Logistic",4
2.23793602139377,33.9651308198825,2.23801682305549,69.3344054646284,0.69303002563628,0.685950000000026,"Logistic",4
2.2786257672373,37.3578089957892,2.27871260915806,67.8831494662936,0.678524038673661,0.671350000000028,"Logistic",4
2.31931551308082,41.3355037914383,2.31932337896663,66.2847134067531,0.662546917706115,0.65525000000003,"Logistic",4
2.36000525892434,47.5172179590317,2.36008029481202,64.4682217313771,0.644390228196515,0.637000000000032,"Logistic",4
2.40069500476787,57.9525337326782,2.40075323434213,62.3385627812836,0.623103284335248,0.615550000000034,"Logistic",4
2.44138475061139,79.0297449852633,2.44139080723179,59.6374037539934,0.596103928137038,0.588400000000037,"Logistic",4
0,0,0.143917071306633,100.045312468203,1,1,"Laplace",6
0.0545011970686322,0,0.143917071306633,100.045312468203,1,1,"Laplace",6
0.109002394137264,0,0.143917071306633,100.045312468203,1,1,"Laplace",6
0.163503591205897,2.92123365710308,0.164942289293928,99.9905471994495,0.999452595355019,0.9994,"Laplace",6
0.218004788274529,3.31046326990971,0.219021351990425,99.8226239263315,0.997774123181009,0.99755,"Laplace",6
0.272505985343161,3.61692314909962,0.273630848059115,99.6311816101459,0.995860567098644,0.9955,"Laplace",6
0.327007182411793,3.80406304949126,0.327152162806004,99.433945986498,0.993889104180673,0.99335,"Laplace",6
0.381508379480425,3.99074753342664,0.38190487764331,99.21920255956,0.991742642526047,0.99105,"Laplace",6
0.436009576549058,4.20086956750848,0.436354295345255,98.9946336652661,0.989497970699316,0.98865,"Laplace",6
0.49051077361769,4.36821502912128,0.490768579101628,98.7627151673081,0.987179836123729,0.98615,"Laplace",6
0.545011970686322,4.50277181577979,0.545612197926825,98.5178545545453,0.984732339017449,0.98355,"Laplace",6
0.599513167754954,4.62266913239247,0.59996262457615,98.2702784906488,0.982257699698639,0.9809,"Laplace",6
0.654014364823586,4.72097814314913,0.654116022879401,98.0176571338594,0.979732630302012,0.9782,"Laplace",6
0.708515561892219,4.88651813997443,0.708748239061402,97.7552060373294,0.977109308028783,0.9754,"Laplace",6
0.763016758960851,5.02553945161321,0.763846873176003,97.4832040687769,0.974390520293086,0.9725,"Laplace",6
0.817517956029483,5.14743939677923,0.817594555348966,97.20999021217,0.971659619165722,0.9696,"Laplace",6
0.872019153098115,5.24353450187263,0.87206213675771,96.9285889930593,0.968846881495478,0.9666,"Laplace",6
0.926520350166747,5.3776891688412,0.927225721280208,96.634718125181,0.965909503815022,0.9635,"Laplace",6
0.98102154723538,5.51154599151821,0.981776808068991,96.3374002706449,0.962937671880062,0.960349999999999,"Laplace",6
1.03552274430401,5.62481733273229,1.03628245784514,96.0347650131744,0.95991268999931,0.957149999999999,"Laplace",6
1.09002394137264,5.75355824314106,1.09039499172198,95.729146373409,0.956857887807928,0.953899999999999,"Laplace",6
1.14452513844128,5.8927228335929,1.14502552393764,95.413775847389,0.953705610922189,0.950549999999999,"Laplace",6
1.19902633550991,6.01902485360343,1.19943221243544,95.0905742059029,0.950475058350435,0.947149999999999,"Laplace",6
1.25352753257854,6.12947692727659,1.25414847978547,94.7586807155724,0.947157626657311,0.943649999999999,"Laplace",6
1.30802872964717,6.28662958949874,1.30857782702745,94.4188568002958,0.943760926633164,0.940099999999999,"Laplace",6
1.3625299267158,6.42162835753231,1.36259543182131,94.076317281838,0.940337082876699,0.936499999999999,"Laplace",6
1.41703112378444,6.55237177616659,1.41714728485736,93.7226971998034,0.936802483670494,0.932799999999999,"Laplace",6
1.47153232085307,6.66241747654169,1.4720962855824,93.3606895008377,0.933184046284127,0.929,"Laplace",6
1.5260335179217,6.78283060773553,1.52609618421856,92.9990787357991,0.92956957643924,0.9252,"Laplace",6
1.58053471499033,6.94408110030039,1.58116093128556,92.6217750581353,0.925798248544356,0.921250000000001,"Laplace",6
1.63503591205897,7.08897033895619,1.63507784860689,92.2440481791236,0.922022690552753,0.917300000000001,"Laplace",6
1.6895371091276,7.21396301431402,1.69003337511075,91.848475345917,0.918068753847,0.913200000000001,"Laplace",6
1.74403830619623,7.36199317995321,1.74465719002524,91.4494329821242,0.914080137549563,0.909050000000002,"Laplace",6
1.79853950326486,7.52573992792342,1.79874298319357,91.0475384864116,0.910063012850789,0.904850000000002,"Laplace",6
1.85304070033349,7.66777692652365,1.8531102562035,90.6346943508627,0.905936441346701,0.900550000000003,"Laplace",6
1.90754189740213,7.8467648903666,1.90754431457799,90.2112612356163,0.901704028005186,0.896150000000003,"Laplace",6
1.96204309447076,8.00255531249715,1.96215321390938,89.7775388843171,0.897368768905096,0.891650000000004,"Laplace",6
2.01654429153939,8.15689321922313,2.01692507749079,89.3324938847561,0.892920334604864,0.887050000000004,"Laplace",6
2.07104548860802,8.34708101139814,2.07125287353961,88.8850057155894,0.888447479674165,0.882400000000005,"Laplace",6
2.12554668567666,8.53984822455468,2.12607259415329,88.4221681323997,0.883821200123718,0.877600000000005,"Laplace",6
2.18004788274529,8.73228104938591,2.18016132873196,87.955349154908,0.87915512466276,0.872750000000006,"Laplace",6
2.23454907981392,8.93515947648253,2.23487666249858,87.4712170018087,0.874315995860467,0.867750000000006,"Laplace",6
2.28905027688255,9.11707098948947,2.28941446459408,86.9779441944607,0.869385501915489,0.862650000000007,"Laplace",6
2.34355147395118,9.31121383299083,2.34395390563583,86.473890235056,0.864347245279877,0.857450000000008,"Laplace",6
2.39805267101982,9.51854098348911,2.39849258283121,85.9608926315321,0.859219592710578,0.852150000000008,"Laplace",6
2.45255386808845,9.75198872130946,2.45287335260014,85.4361403748718,0.853974446849026,0.846750000000009,"Laplace",6
2.50705506515708,10.0263557345438,2.50718576741938,84.9030668556161,0.848646126050137,0.841200000000009,"Laplace",6
2.56155626222571,10.3265155720095,2.56155797637205,84.3503918359192,0.843121879025844,0.83550000000001,"Laplace",6
2.61605745929435,10.5866054286289,2.61625990528205,83.7786579687355,0.837407129847912,0.82960000000001,"Laplace",6
2.67055865636298,10.8869259869196,2.67096247729124,83.1931051731959,0.831554253975034,0.823550000000011,"Laplace",6
2.72505985343161,11.1771124831783,2.72547736868949,82.5926815931813,0.825552737610083,0.817350000000012,"Laplace",6
2.77956105050024,11.483558525769,2.77959031263707,81.9829567117785,0.819458250358653,0.811050000000013,"Laplace",6
2.83406224756887,11.8320549649527,2.83441953088361,81.3466490917614,0.813098056119474,0.804500000000013,"Laplace",6
2.88856344463751,12.2334335626682,2.88870769096802,80.694784328489,0.806582360909071,0.797800000000014,"Laplace",6
2.94306464170614,12.6179593645283,2.94323904267334,80.0183121004027,0.799820702502523,0.790850000000015,"Laplace",6
2.99756583877477,12.9713711916695,2.99772691746228,79.3194575286434,0.792835322033234,0.783700000000016,"Laplace",6
3.0520670358434,13.4399831236255,3.05207662537058,78.6024518309292,0.785668512514376,0.776350000000017,"Laplace",6
3.10656823291204,13.9933624870651,3.10684629895511,77.8525095651289,0.778172486490782,0.768650000000017,"Laplace",6
3.16106942998067,14.5335942008643,3.16137070184067,77.0740531365422,0.770391447985513,0.760700000000018,"Laplace",6
3.2155706270493,15.2622411586785,3.21583006026092,76.2631310273039,0.762285899717113,0.752400000000019,"Laplace",6
3.27007182411793,16.0013108047929,3.2702278200617,75.4108650206913,0.753767099729522,0.74370000000002,"Laplace",6
0,0,0.119480715229366,100.045312468203,1,1,"Logistic",6
0.0545011970686322,0,0.119480715229366,100.045312468203,1,1,"Logistic",6
0.109002394137264,0,0.119480715229366,100.045312468203,1,1,"Logistic",6
0.163503591205897,3.79428723816299,0.163759537238,99.8913285948304,0.998460858689189,0.99835,"Logistic",6
0.218004788274529,4.30383547228473,0.219072765710592,99.669397871514,0.996242556623443,0.99595,"Logistic",6
0.272505985343161,4.65175397188114,0.273485428006959,99.4272694222436,0.993822368777587,0.99335,"Logistic",6
0.327007182411793,4.88843987764634,0.327613564589758,99.1691592072657,0.991242435659182,0.9906,"Logistic",6
0.381508379480425,5.096514962688,0.382267796330162,98.8935971375292,0.988488063036037,0.9877,"Logistic",6
0.436009576549058,5.33468290403965,0.436370857414619,98.6094928251019,0.985648306675461,0.9847,"Logistic",6
0.49051077361769,5.53456668567066,0.491157583324964,98.3114480523142,0.98266920885034,0.98155,"Logistic",6
0.545011970686322,5.75159223495308,0.54577544645982,98.0034766601031,0.979590889790573,0.9783,"Logistic",6
0.599513167754954,5.90058760483277,0.600233611297104,97.6875100650701,0.976432654914417,0.97495,"Logistic",6
0.654014364823586,6.08134185035048,0.654036651689818,97.364849043796,0.97320750609621,0.97155,"Logistic",6
0.708515561892219,6.2753911585535,0.708802886882211,97.0248491845027,0.96980904742878,0.968,"Logistic",6
0.763016758960851,6.49476288453074,0.763181799805821,96.6771685177672,0.966333815474798,0.96435,"Logistic",6
0.817517956029483,6.69384508141747,0.818095828061352,96.314332910649,0.962707102756664,0.960549999999999,"Logistic",6
0.872019153098115,6.83684676898645,0.872441232213321,95.9457967682962,0.959023410505016,0.956699999999999,"Logistic",6
0.926520350166747,7.01412803072439,0.92695408367939,95.5689030442133,0.95525618028918,0.952749999999999,"Logistic",6
0.98102154723538,7.21505748199258,0.981336935855545,95.1815339464448,0.951384243781494,0.948699999999999,"Logistic",6
1.03552274430401,7.36488028854778,1.03583732178269,94.7848970205073,0.947419670967915,0.944549999999999,"Logistic",6
1.09002394137264,7.52454733004567,1.09054927184208,94.3788774229627,0.94336131393421,0.940299999999999,"Logistic",6
1.14452513844128,7.69341280214916,1.14480504257311,93.9659396874268,0.939233806854183,0.935999999999999,"Logistic",6
1.19902633550991,7.90230706029412,1.19914540939645,93.543194285978,0.935008267535856,0.931599999999999,"Logistic",6
1.25352753257854,8.07094745858853,1.25386310392487,93.103250598843,0.930610823255047,0.92705,"Logistic",6
1.30802872964717,8.27656602239928,1.30803827047033,92.6640943338606,0.926221249629377,0.92245,"Logistic",6
1.3625299267158,8.46764828978614,1.3626001315523,92.2078660815148,0.921661033452423,0.917700000000001,"Logistic",6
1.41703112378444,8.68067545107809,1.41729832728474,91.7411140055874,0.916995626704099,0.912850000000001,"Logistic",6
1.47153232085307,8.8836268016669,1.47161139197138,91.2650856209418,0.912237498882799,0.907900000000002,"Logistic",6
1.5260335179217,9.07535795655189,1.52647839235911,90.7712636953565,0.90730151624251,0.902800000000002,"Logistic",6
1.58053471499033,9.35440596226094,1.5808673537981,90.2710997971294,0.902302142599832,0.897600000000003,"Logistic",6
1.63503591205897,9.56520734212492,1.63509605558089,89.7603447838463,0.897196905775813,0.892300000000004,"Logistic",6
1.6895371091276,9.82707996449586,1.68999702324554,89.2308835500693,0.891904691470968,0.886800000000004,"Logistic",6
1.74403830619623,10.0836223791279,1.74404457494628,88.692815476652,0.88652644775177,0.881250000000005,"Logistic",6
1.79853950326486,10.3676228372959,1.79896977112147,88.1303678749385,0.880904519169236,0.875450000000006,"Logistic",6
1.85304070033349,10.5961928376619,1.85314033268526,87.5662949501093,0.87526634471695,0.869600000000006,"Logistic",6
1.90754189740213,10.8769022527916,1.90786977109598,86.9787930230452,0.869393986356824,0.863550000000007,"Logistic",6
1.96204309447076,11.1386587156455,1.96209300293224,86.3817724706092,0.863426484854685,0.857400000000007,"Logistic",6
2.01654429153939,11.456764248507,2.01674815028081,85.7625721070373,0.857237285697865,0.851050000000008,"Logistic",6
2.07104548860802,11.8086066296373,2.0711331663931,85.1332813337313,0.850947228145134,0.844550000000009,"Logistic",6
2.12554668567666,12.1859241774302,2.12592955673839,84.4748724480805,0.844366121350549,0.83780000000001,"Logistic",6
2.18004788274529,12.5321053501141,2.18040384311821,83.8061731155532,0.837682156694636,0.83090000000001,"Logistic",6
2.23454907981392,12.9640576601364,2.23470000821344,83.1158242466878,0.830781794730303,0.823800000000011,"Logistic",6
2.28905027688255,13.4322502098943,2.28907692084917,82.396953625039,0.823596344418703,0.816450000000012,"Logistic",6
2.34355147395118,13.8471554962768,2.34386189182895,81.6510384224025,0.816140570787393,0.808800000000013,"Logistic",6
2.39805267101982,14.343469981757,2.39836998874252,80.8820073906723,0.808453743561235,0.800950000000014,"Logistic",6
2.45255386808845,14.962956393089,2.4528175346492,80.0835024840781,0.800472311079348,0.792800000000015,"Logistic",6
2.50705506515708,15.5133574240975,2.50719804902243,79.2559591477483,0.792200625820802,0.784350000000016,"Logistic",6
2.56155626222571,16.0730126347684,2.56177916762566,78.3924488149508,0.783569433499104,0.775550000000017,"Logistic",6
2.61605745929435,16.8698775479816,2.6162672505901,77.4924169566906,0.774573191335871,0.766400000000018,"Logistic",6
2.67055865636298,17.6084938998469,2.67058245295903,76.5527467203387,0.765180744921648,0.756850000000019,"Logistic",6
2.72505985343161,18.4002235911692,2.72515338000371,75.5709386550083,0.755367111068064,0.74685000000002,"Logistic",6
2.77956105050024,19.4254552932608,2.77976380980616,74.5369366262576,0.745031773976889,0.736350000000021,"Logistic",6
2.83406224756887,20.4989090549242,2.83429637292462,73.4470654389962,0.734137998342895,0.725300000000022,"Logistic",6
2.88856344463751,21.77971471378,2.88858464344225,72.2961309363146,0.722633866122334,0.713650000000023,"Logistic",6
2.94306464170614,23.386555212462,2.94320956237319,71.066488100006,0.710343007050857,0.701150000000025,"Logistic",6
2.99756583877477,25.4128149422755,2.99759159298894,69.7410268783788,0.6970943981063,0.687700000000026,"Logistic",6
3.0520670358434,27.7819139665222,3.05220072021918,68.290471228596,0.682595411457188,0.673000000000028,"Logistic",6
3.10656823291204,31.3418009739398,3.10667893657334,66.6836203270797,0.666534180182339,0.65675000000003,"Logistic",6
3.16106942998067,35.9487850961213,3.16115826987002,64.8535879751784,0.648242145235844,0.638300000000032,"Logistic",6
3.2155706270493,43.2880266112716,3.21562747930767,62.7161412970583,0.626877359366447,0.616750000000034,"Logistic",6
3.27007182411793,59.1728453527296,3.27012286475233,59.9782629657524,0.599510976436951,0.589200000000037,"Logistic",6
0,0,0.156178463100644,100.045312468203,1,1,"Laplace",8
0.0645067951500018,0,0.156178463100644,100.045312468203,1,1,"Laplace",8
0.129013590300004,0,0.156178463100644,100.045312468203,1,1,"Laplace",8
0.193520385450005,2.58371600503261,0.194102265689754,99.9556374218723,0.99910365569242,0.999,"Laplace",8
0.258027180600007,2.96239532985565,0.258803008761579,99.7734585108627,0.997282691706052,0.997,"Laplace",8
0.322533975750009,3.18416419144827,0.322693038217055,99.578260802954,0.995331598715356,0.99485,"Laplace",8
0.387040770900011,3.38512755760982,0.387104656611027,99.3657663807626,0.993207616922017,0.99255,"Laplace",8
0.451547566050013,3.52662681317621,0.452514036442302,99.1388828844033,0.990939809557914,0.9901,"Laplace",8
0.516054361200014,3.694396988287,0.51636555424504,98.906038356556,0.988612418877604,0.9876,"Laplace",8
0.580561156350016,3.79564123056045,0.580772150623893,98.6654582278972,0.986207707225218,0.985,"Laplace",8
0.645067951500018,3.93416236010276,0.645613055368424,98.4147666820609,0.983701927197633,0.9823,"Laplace",8
0.70957474665002,4.04029696699853,0.709902531803031,98.1602830507174,0.98115824349007,0.97955,"Laplace",8
0.774081541800022,4.15026668672718,0.774938348793943,97.8935219412532,0.978491840608386,0.9767,"Laplace",8
0.838588336950024,4.29426488407965,0.838908944604337,97.6232886154042,0.975790731289197,0.9738,"Laplace",8
0.903095132100025,4.39994080622097,0.903339809154782,97.3440931250737,0.97300004091658,0.9708,"Laplace",8
0.967601927250027,4.50868923345876,0.968526021487074,97.0546252848826,0.970106673570827,0.9677,"Laplace",8
1.03210872240003,4.62488149065705,1.03311330253542,96.7602673845428,0.967164427771621,0.96455,"Laplace",8
1.09661551755003,4.71859101068179,1.0973637068067,96.4600278376193,0.964163392145701,0.961349999999999,"Laplace",8
1.16112231270003,4.8487243490923,1.16136322497208,96.1534441115707,0.961098943462549,0.958099999999999,"Laplace",8
1.22562910785003,4.95336365234311,1.22567715824415,95.8391459051578,0.957957384916138,0.954749999999999,"Laplace",8
1.29013590300004,5.09489080536548,1.29040534938732,95.514876535306,0.954716159896676,0.951299999999999,"Laplace",8
1.35464269815004,5.19735457870737,1.35479226526637,95.1815751728511,0.951384655858835,0.947799999999999,"Laplace",8
1.41914949330004,5.31343821650865,1.4196012898269,94.8425090555412,0.94799553038214,0.944199999999999,"Laplace",8
1.48365628845004,5.43639377338204,1.48386196099094,94.4974734420576,0.944546736980717,0.940549999999999,"Laplace",8
1.54816308360004,5.55568073417106,1.54845440274514,94.1389178477882,0.94096280500606,0.936799999999999,"Laplace",8
1.61266987875005,5.68633413030197,1.61345636066676,93.7733359871312,0.937308642190854,0.932949999999999,"Laplace",8
1.67717667390005,5.80897939565861,1.67725729743134,93.4069179638167,0.933646121536216,0.9291,"Laplace",8
1.74168346905005,5.92701987267017,1.74204509896265,93.0287806011364,0.929866460567088,0.9251,"Laplace",8
1.80619026420005,6.06832473622806,1.80636822647011,92.6450983989023,0.926031376316079,0.921050000000001,"Laplace",8
1.87069705935005,6.21225349706343,1.87081102514295,92.2499437651232,0.922081619710494,0.916900000000001,"Laplace",8
1.93520385450005,6.37226865259662,1.93528854417196,91.8440484503867,0.918024504941967,0.912650000000002,"Laplace",8
1.99971064965006,6.50165626170091,2.00044777835456,91.4264816881627,0.913850728560824,0.908250000000002,"Laplace",8
2.06421744480006,6.63134037994489,2.06445219232034,91.0058351969622,0.909646168838606,0.903850000000002,"Laplace",8
2.12872423995006,6.76817283920797,2.12879407518802,90.5763758780902,0.905353520754684,0.899350000000003,"Laplace",8
2.19323103510006,6.91301684669541,2.19383220449061,90.1317530617165,0.900909306374174,0.894700000000003,"Laplace",8
2.25773783025006,7.05327277416028,2.25840742848877,89.682017674375,0.896413989439816,0.890000000000004,"Laplace",8
2.32224462540007,7.21916528142922,2.32226965332404,89.2248425995603,0.891844309326518,0.885250000000005,"Laplace",8
2.38675142055007,7.36930317877107,2.38696068153707,88.7501675651041,0.887099708877525,0.880350000000005,"Laplace",8
2.45125821570007,7.53517670285345,2.4512902572807,88.2708865337513,0.882309069321023,0.875350000000006,"Laplace",8
2.51576501085007,7.73982715920706,2.51624583423304,87.7738167905944,0.877340623215016,0.870200000000006,"Laplace",8
2.58027180600007,7.93035532739425,2.58066297738632,87.2701229104704,0.872305965741343,0.864950000000007,"Laplace",8
2.64477860115007,8.13270611474025,2.64534890613975,86.7504700287762,0.867111790533391,0.859550000000007,"Laplace",8
2.70928539630008,8.37196510734403,2.70956703953827,86.2206617592793,0.861816107443138,0.854050000000008,"Laplace",8
2.77379219145008,8.56342472593461,2.77392055606606,85.6752096252504,0.856364056561671,0.848400000000008,"Laplace",8
2.83829898660008,8.78088133608917,2.83845372531679,85.1169633171828,0.85078412188712,0.842600000000009,"Laplace",8
2.90280578175008,9.00772270387482,2.90313791447773,84.5424151868454,0.845041242823996,0.83665000000001,"Laplace",8
2.96731257690008,9.2460038112801,2.96735065860901,83.9554301648462,0.839174051173355,0.83060000000001,"Laplace",8
3.03181937205009,9.51272700780596,3.03188545782099,83.3500324136054,0.83312281562513,0.824350000000011,"Laplace",8
3.09632616720009,9.76354994374447,3.09678554366185,82.7265370340289,0.826890685761228,0.817900000000012,"Laplace",8
3.16083296235009,10.0517461673406,3.16092412960674,82.0918645033018,0.820546835009312,0.811350000000013,"Laplace",8
3.22533975750009,10.3732476093912,3.22554309279787,81.4334844764778,0.813966016672289,0.804550000000013,"Laplace",8
3.28984655265009,10.7535480495379,3.28986189399127,80.7518407724932,0.807152666929379,0.797550000000014,"Laplace",8
3.35435334780009,11.1245240219431,3.35477649976154,80.040624276321,0.800043723205521,0.790250000000015,"Laplace",8
3.4188601429501,11.5997030575664,3.41899938764212,79.3118944018385,0.792759725020057,0.782750000000016,"Laplace",8
3.4833669381001,12.0940895763958,3.48354717944898,78.547428688842,0.785118530304018,0.774900000000017,"Laplace",8
3.5478737332501,12.6137413383354,3.54794605386906,77.7540074760182,0.777187911734798,0.766750000000018,"Laplace",8
3.6123805284001,13.1022225235594,3.61247051954665,76.9254278137567,0.768905867910657,0.758250000000019,"Laplace",8
3.6768873235501,13.7026352779071,3.67697664499163,76.0624007226634,0.760279505817306,0.749400000000019,"Laplace",8
3.7413941187001,14.3490074899518,3.74164310942683,75.1535348056966,0.751194963078178,0.74010000000002,"Laplace",8
3.80590091385011,15.0737858491,3.80616618682906,74.2050067585864,0.741713978675118,0.730400000000021,"Laplace",8
3.87040770900011,15.8276668400997,3.87049334153118,73.2114039869502,0.731782451178995,0.720250000000023,"Laplace",8
0,0,0.139133208664645,100.045312468203,1,1,"Logistic",8
0.0645067951500018,0,0.139133208664645,100.045312468203,1,1,"Logistic",8
0.129013590300004,0,0.139133208664645,100.045312468203,1,1,"Logistic",8
0.193520385450005,3.1648642923103,0.194513849472687,99.8846449176654,0.998394052189213,0.99825,"Logistic",8
0.258027180600007,3.54033646798224,0.258420566026868,99.669512284236,0.996243700232466,0.9959,"Logistic",8
0.322533975750009,3.83764812483264,0.323602984339582,99.4283686186043,0.993833355762721,0.9933,"Logistic",8
0.387040770900011,4.05152932506422,0.387369899476504,99.1771665027379,0.991322472347306,0.9906,"Logistic",8
0.451547566050013,4.22039376604579,0.452627592716996,98.9079905492963,0.988631931963146,0.9877,"Logistic",8
0.516054361200014,4.4452259417984,0.516104075430323,98.6311483145235,0.985864763487753,0.98475,"Logistic",8
0.580561156350016,4.59427350903119,0.581179799713131,98.3360603556642,0.98291522040993,0.9816,"Logistic",8
0.645067951500018,4.75726840109661,0.645385767111947,98.0384008588052,0.979939973599105,0.9784,"Logistic",8
0.70957474665002,4.91578407540457,0.70958072958224,97.7243704233539,0.976801091549522,0.9751,"Logistic",8
0.774081541800022,5.06288127949925,0.774652210778624,97.399430057701,0.97355315961112,0.97165,"Logistic",8
0.838588336950024,5.19820768037424,0.838921248291541,97.0709503916949,0.970269850699366,0.96815,"Logistic",8
0.903095132100025,5.34906947796968,0.903347778004967,96.7327300438689,0.966889179086855,0.96455,"Logistic",8
0.967601927250027,5.50330987433763,0.967881958829859,96.3834803085377,0.963398263553534,0.960849999999999,"Logistic",8
1.03210872240003,5.64217839115689,1.03238631275304,96.0246158821856,0.959811244656811,0.957049999999999,"Logistic",8
1.09661551755003,5.79388390168378,1.09700999088793,95.6591090968203,0.95615783225449,0.953149999999999,"Logistic",8
1.16112231270003,5.95473492041282,1.16178629347654,95.2800054211767,0.952368512532349,0.949149999999999,"Logistic",8
1.22562910785003,6.11426504404331,1.22632380885578,94.890253777821,0.948472761359803,0.945049999999999,"Logistic",8
1.29013590300004,6.26012457213027,1.29018314125123,94.4950996138836,0.944523009450507,0.940899999999999,"Logistic",8
1.35464269815004,6.41051774124656,1.3549452437963,94.081267662856,0.940386564265641,0.936599999999999,"Logistic",8
1.41914949330004,6.57069615085423,1.41959744347345,93.6640168452525,0.936215945899726,0.932199999999999,"Logistic",8
1.48365628845004,6.73912845410452,1.48420843746682,93.2335270453289,0.931912997672538,0.9277,"Logistic",8
1.54816308360004,6.89509153126851,1.54883543903856,92.7938433458464,0.927518152090719,0.9231,"Logistic",8
1.61266987875005,7.0779976725908,1.61332567181354,92.3445332972757,0.923027086617627,0.918400000000001,"Logistic",8
1.67717667390005,7.26022888983711,1.67737590027976,91.8822623945554,0.918406471305268,0.913600000000001,"Logistic",8
1.74168346905005,7.45177202315193,1.7419116921672,91.4074019838962,0.91366001793385,0.908650000000002,"Logistic",8
1.80619026420005,7.6372583906148,1.80621580440612,90.9213088638562,0.908801288343751,0.903600000000002,"Logistic",8
1.87069705935005,7.81006942264571,1.87087776467894,90.4194089782073,0.90378456268948,0.898400000000003,"Logistic",8
1.93520385450005,7.99293131351597,1.93536241795663,89.9114925664849,0.898707699024489,0.893100000000004,"Logistic",8
1.99971064965006,8.21243500939064,2.00012756289622,89.3848536564457,0.893443695174168,0.887650000000004,"Logistic",8
2.06421744480006,8.39766167727826,2.06453907661854,88.8520142167196,0.888117714110383,0.882100000000005,"Logistic",8
2.12872423995006,8.5798013132775,2.12926987910158,88.3040352819095,0.882640406665477,0.876400000000005,"Logistic",8
2.19323103510006,8.81736192819742,2.19358885215563,87.7450208861775,0.8770527945931,0.870600000000006,"Logistic",8
2.25773783025006,9.03900181780522,2.25789335930461,87.1726628709598,0.871331806761715,0.864650000000007,"Logistic",8
2.32224462540007,9.29737276263617,2.32275363527204,86.5789222328218,0.865397089547185,0.858500000000007,"Logistic",8
2.38675142055007,9.55708112850046,2.38696733291367,85.9724687133156,0.859335301098087,0.852250000000008,"Logistic",8
2.45125821570007,9.82318875157819,2.45143803284395,85.3470253583271,0.853083700302825,0.845800000000009,"Logistic",8
2.51576501085007,10.1597350427251,2.51589037229958,84.7047955349172,0.846664310852529,0.83915000000001,"Logistic",8
2.58027180600007,10.4820336228801,2.58071315811362,84.035123516772,0.839970623745919,0.83225000000001,"Logistic",8
2.64477860115007,10.790438774243,2.64512538730654,83.3505968009163,0.833128456942019,0.825200000000011,"Logistic",8
2.70928539630008,11.1710043965677,2.70943651384438,82.6477213280662,0.826102885673266,0.817950000000012,"Logistic",8
2.77379219145008,11.5584742582155,2.7739917012823,81.9133357027765,0.818762355595726,0.810400000000013,"Logistic",8
2.83829898660008,11.980714295494,2.83847501404552,81.1569113844865,0.811201538405711,0.802600000000014,"Logistic",8
2.90280578175008,12.4588331089864,2.9031745201885,80.3668532836225,0.8033045357239,0.794500000000014,"Logistic",8
2.96731257690008,13.0116743105631,2.96752133656508,79.5518707688103,0.795158401790127,0.786100000000015,"Logistic",8
3.03181937205009,13.5844747936318,3.03182182375967,78.6986757657697,0.786630316045862,0.777350000000016,"Logistic",8
3.09632616720009,14.1223822248642,3.09640944289625,77.8065072868539,0.777712672061299,0.768200000000017,"Logistic",8
3.16083296235009,14.8233342795362,3.1609924862442,76.8722698042123,0.76837452857818,0.758650000000018,"Logistic",8
3.22533975750009,15.63318657214,3.22551426867465,75.8918690782105,0.758574961743768,0.74865000000002,"Logistic",8
3.28984655265009,16.534659078699,3.29004487075407,74.8492472387548,0.748153465586343,0.738050000000021,"Logistic",8
3.35435334780009,17.5852111819456,3.35449865969952,73.7510427875369,0.737176395055758,0.726850000000022,"Logistic",8
3.4188601429501,18.5777734355719,3.41904091939599,72.57737906195,0.725445073551216,0.714950000000023,"Logistic",8
3.4833669381001,19.9238550274796,3.48351246048255,71.342450031472,0.713101376480247,0.702350000000025,"Logistic",8
3.5478737332501,21.6987988228954,3.54802197341176,70.0033929298889,0.699716870314516,0.688750000000026,"Logistic",8
3.6123805284001,23.514105140259,3.61253641947351,68.5405515706616,0.685095082215326,0.673950000000028,"Logistic",8
3.6768873235501,26.4112856906991,3.67697455558668,66.9354076552769,0.66905091307052,0.65775000000003,"Logistic",8
3.7413941187001,30.5023831113161,3.74148956984366,65.1101470589208,0.65080657406727,0.639300000000032,"Logistic",8
3.80590091385011,36.4711788101133,3.80600478526293,62.9676502981069,0.629391310243741,0.617700000000034,"Logistic",8
3.87040770900011,48.85258507641,3.87050541789876,60.2627645276401,0.602354703492911,0.590400000000037,"Logistic",8
0,0,0.167256982285367,100.045312468203,1,1,"Laplace",10
0.0717958106952779,0,0.167256982285367,100.045312468203,1,1,"Laplace",10
0.143591621390556,0,0.167256982285367,100.045312468203,1,1,"Laplace",10
0.215387432085834,2.40899403628347,0.215951089535306,99.939003966842,0.998937396478271,0.9988,"Laplace",10
0.287183242781112,2.71798066507607,0.287598823542999,99.7530800159014,0.997078999054607,0.99675,"Laplace",10
0.35897905347639,2.92335488916806,0.360191339119603,99.5473824273565,0.995022954813551,0.9945,"Laplace",10
0.430774864171667,3.08734383269993,0.431688327009161,99.3312971288054,0.992863080520392,0.99215,"Laplace",10
0.502570674866945,3.23349794168776,0.502787117150297,99.1067060467187,0.990618186916226,0.9897,"Laplace",10
0.574366485562223,3.36417462761992,0.575347321714953,98.8684994591781,0.988237199924793,0.9871,"Laplace",10
0.646162296257501,3.48967531944645,0.646951344708772,98.6234540963872,0.985787856155001,0.98445,"Laplace",10
0.717958106952779,3.61761083194725,0.718574766555057,98.3690238955808,0.983244706510811,0.9817,"Laplace",10
0.789753917648057,3.70999583632725,0.790599496232356,98.1039532127819,0.980595200239508,0.97885,"Laplace",10
0.861549728343335,3.84487301796366,0.861833013659887,97.8336600851924,0.977893493173769,0.97595,"Laplace",10
0.933345539038613,3.95143733693388,0.933694588434776,97.5549743626224,0.97510789816992,0.97295,"Laplace",10
1.00514134973389,4.04300923031646,1.00596633991079,97.2654182079988,0.972213648079835,0.96985,"Laplace",10
1.07693716042917,4.16342026476135,1.07761059961524,96.9714691970558,0.969275489322658,0.9667,"Laplace",10
1.14873297112445,4.26485223018242,1.14970603183904,96.666868918673,0.966230866132745,0.96345,"Laplace",10
1.22052878181972,4.37796236084332,1.22127665357513,96.3569170852024,0.963132751630187,0.960149999999999,"Laplace",10
1.292324592515,4.4935925657142,1.29310692733611,96.0383889391091,0.959948912845191,0.956749999999999,"Laplace",10
1.36412040321028,4.58760300807251,1.3643911115227,95.7144266094398,0.95671075683691,0.953299999999999,"Laplace",10
1.43591621390556,4.71552141411246,1.43690171116582,95.3771050073296,0.953339068610964,0.949699999999999,"Laplace",10
1.50771202460084,4.81497621614093,1.50805589109077,95.0369506210162,0.949939065373215,0.946099999999999,"Laplace",10
1.57950783529611,4.91733411946167,1.58006235484753,94.6892997012325,0.946464130754023,0.942399999999999,"Laplace",10
1.65130364599139,5.02761979829124,1.65202758150358,94.3318386574945,0.942891139327246,0.938599999999999,"Laplace",10
1.72309945668667,5.13581255157917,1.72388290172695,93.9676240643614,0.939250642994659,0.934749999999999,"Laplace",10
1.79489526738195,5.26332311993022,1.79499110541098,93.5983384574323,0.935559459491719,0.93085,"Laplace",10
1.86669107807723,5.35896820275099,1.86746310469902,93.2144363457199,0.93172217714194,0.9268,"Laplace",10
1.9384868887725,5.49556678167577,1.93914248699585,92.8251937539602,0.92783151417976,0.9227,"Laplace",10
2.01028269946778,5.61799187113825,2.01106714746857,92.4273301366027,0.923854680007905,0.918500000000001,"Laplace",10
2.08207851016306,5.73826655369129,2.08217788784549,92.0224016496686,0.919807229138452,0.914250000000001,"Laplace",10
2.15387432085834,5.86842951034061,2.15443433802399,91.601524297697,0.915600361854137,0.909850000000002,"Laplace",10
2.22567013155362,5.99336815506454,2.22587968067749,91.1796168254572,0.911383198032754,0.905400000000002,"Laplace",10
2.29746594224889,6.12409674361652,2.29760052566657,90.7460868738013,0.907049862057681,0.900850000000003,"Laplace",10
2.36926175294417,6.27593813640585,2.36983172452659,90.3001253155333,0.902592266321651,0.896150000000003,"Laplace",10
2.44105756363945,6.4196251917279,2.44136498440785,89.8439650917749,0.898032730122458,0.891400000000004,"Laplace",10
2.51285337433473,6.5647880352151,2.5130812418309,89.3802787187626,0.89339796651812,0.886550000000004,"Laplace",10
2.58464918503,6.72846618573581,2.585092987579,88.9018064135933,0.888615410560574,0.881550000000005,"Laplace",10
2.65644499572528,6.92426648058232,2.65670677793999,88.4140848291958,0.883740403702531,0.876450000000006,"Laplace",10
2.72824080642056,7.12502266309872,2.72832824354866,87.9124527981092,0.878726355380717,0.871200000000006,"Laplace",10
2.80003661711584,7.30309025288536,2.80029660525794,87.3926218955833,0.873530400770739,0.865800000000007,"Laplace",10
2.87183242781112,7.49089840470185,2.87200917296432,86.8626827232316,0.868233409244823,0.860300000000007,"Laplace",10
2.94362823850639,7.65151280029216,2.94387423088094,86.3172875541964,0.862781927755287,0.854650000000008,"Laplace",10
3.01542404920167,7.88086333159949,3.01575834888735,85.7580164645193,0.857191749906077,0.848850000000009,"Laplace",10
3.08721985989695,8.12343389097291,3.08751706629547,85.1865287813512,0.851479461453284,0.842900000000009,"Laplace",10
3.15901567059223,8.33308159823817,3.15902640987576,84.5979898346719,0.84559673759387,0.83680000000001,"Laplace",10
3.23081148128751,8.58373634456526,3.23094996352192,83.9881825376392,0.839501426559417,0.83050000000001,"Laplace",10
3.30260729198278,8.84176212871541,3.30306140621524,83.3606539455209,0.833228982837301,0.824000000000011,"Laplace",10
3.37440310267806,9.09144223396557,3.37470861934272,82.716531446645,0.826790675204641,0.817350000000012,"Laplace",10
3.44619891337334,9.37870373178262,3.44644090750488,82.0545362690084,0.820173721733213,0.810500000000013,"Laplace",10
3.51799472406862,9.68154652930321,3.51810996271339,81.3716071878993,0.813347524040781,0.803450000000014,"Laplace",10
3.5897905347639,10.0449179575076,3.58995476374774,80.6637270641954,0.806271928930526,0.796150000000014,"Laplace",10
3.66158634545917,10.3779031151421,3.66180848066627,79.93091214756,0.798947098825484,0.788600000000015,"Laplace",10
3.73338215615445,10.7888779253085,3.73344228675062,79.1734183756025,0.791375591942558,0.780800000000016,"Laplace",10
3.80517796684973,11.2311381108479,3.80559639899092,78.3813846342411,0.783458841803834,0.772650000000017,"Laplace",10
3.87697377754501,11.707148892356,3.87726855127821,77.5601605216749,0.77525032016193,0.764200000000018,"Laplace",10
3.94876958824028,12.2146936874789,3.94894644624432,76.7025223150031,0.766677822505488,0.755400000000019,"Laplace",10
4.02056539893556,12.8990995774474,4.02087984901509,75.8030663023043,0.757687336189752,0.74615000000002,"Laplace",10
4.09236120963084,13.544258246011,4.09256750320408,74.8553013283826,0.748213979062472,0.736450000000021,"Laplace",10
4.16415702032612,14.2348247915118,4.1641941355519,73.8630508302592,0.738295968176766,0.726300000000022,"Laplace",10
4.2359528310214,15.1648237572407,4.23626772698525,72.8076014516026,0.727746254725753,0.715500000000023,"Laplace",10
4.30774864171667,16.1664230370293,4.30801033749249,71.6834164503826,0.716509496366112,0.704050000000024,"Laplace",10
0,0,0.152356501203144,100.045312468203,1,1,"Logistic",10
0.0717958106952779,0,0.152356501203144,100.045312468203,1,1,"Logistic",10
0.143591621390556,0,0.152356501203144,100.045312468203,1,1,"Logistic",10
0.215387432085834,2.8264348917388,0.216970695696338,99.8785916505179,0.998333546934163,0.99815,"Logistic",10
0.287183242781112,3.15411893495546,0.288133535283242,99.6628459397371,0.996177066980648,0.9958,"Logistic",10
0.35897905347639,3.37602151632507,0.359709416232824,99.4282897661964,0.99383256759578,0.99325,"Logistic",10
0.430774864171667,3.58540630467067,0.431140653526937,99.1788168943527,0.99133896878851,0.99055,"Logistic",10
0.502570674866945,3.73651538858085,0.503163358485334,98.9147444467098,0.988699440347566,0.9877,"Logistic",10
0.574366485562223,3.90262322087959,0.574846199481945,98.6422525267693,0.985975755317073,0.98475,"Logistic",10
0.646162296257501,4.07639280604518,0.647269047821143,98.3530568598896,0.98308510847171,0.98165,"Logistic",10
0.717958106952779,4.21632686681145,0.718960449723174,98.0556582042647,0.980112468891825,0.97845,"Logistic",10
0.789753917648057,4.34341965930834,0.790125040791784,97.7529320517916,0.977086578472728,0.9752,"Logistic",10
0.861549728343335,4.46969010510943,0.862551926900639,97.4343187681024,0.973901888697378,0.9718,"Logistic",10
0.933345539038613,4.60208128598887,0.933721993902299,97.1119919779665,0.970680080676754,0.96835,"Logistic",10
1.00514134973389,4.74061688169922,1.00590422892987,96.7748703703762,0.967310391490192,0.96475,"Logistic",10
1.07693716042917,4.87166093146539,1.07729183051723,96.4312438054242,0.96387568219223,0.961099999999999,"Logistic",10
1.14873297112445,5.01496904794195,1.14879538418196,96.0779375115541,0.960344219446463,0.957349999999999,"Logistic",10
1.22052878181972,5.15244671806348,1.22115560864647,95.7101217251133,0.956667727491303,0.953449999999999,"Logistic",10
1.292324592515,5.26663150327441,1.29285474195044,95.3374465808822,0.952942663967217,0.949499999999999,"Logistic",10
1.36412040321028,5.40293949584128,1.36467718620813,94.9534517701838,0.94910445504743,0.945449999999999,"Logistic",10
1.43591621390556,5.55358007285974,1.43637729948532,94.558109692518,0.945152824851948,0.941299999999999,"Logistic",10
1.50771202460084,5.70317849191109,1.50817472511843,94.1541004019961,0.941114561783398,0.937049999999999,"Logistic",10
1.57950783529611,5.82895055567943,1.58014590013486,93.7400285818418,0.936975718993677,0.932699999999999,"Logistic",10
1.65130364599139,5.9906209247807,1.65167211441046,93.3188707635253,0.9327660483162,0.92825,"Logistic",10
1.72309945668667,6.15640408192734,1.72384258145508,92.880861725087,0.928387941759958,0.92365,"Logistic",10
1.79489526738195,6.29332724113847,1.79514409866579,92.438683780087,0.923968165019888,0.919000000000001,"Logistic",10
1.86669107807723,6.44257379671705,1.86708491112738,91.9852476483878,0.919435857403343,0.914200000000001,"Logistic",10
1.9384868887725,6.60346509115568,1.93884553681187,91.5176224962309,0.914761723847056,0.909300000000002,"Logistic",10
2.01028269946778,6.76501893575704,2.01044502608951,91.0373655546851,0.909961329608711,0.904300000000002,"Logistic",10
2.08207851016306,6.92486874174726,2.08261404816102,90.543658894415,0.905026499099515,0.899150000000003,"Logistic",10
2.15387432085834,7.12213459614326,2.15427355094451,90.0423329493855,0.900015510251948,0.893900000000003,"Logistic",10
2.22567013155362,7.31380038222231,2.22611135607464,89.5244595717169,0.894839122024532,0.888500000000004,"Logistic",10
2.29746594224889,7.49828343542549,2.29756087250337,88.9962653497347,0.889559572099091,0.883000000000005,"Logistic",10
2.36926175294417,7.66588721150384,2.36983526155845,88.448324091784,0.884082641252133,0.877300000000005,"Logistic",10
2.44105756363945,7.86905828683931,2.44163331592597,87.8890285348299,0.878492218840969,0.871500000000006,"Logistic",10
2.51285337433473,8.07942249835304,2.51286593388049,87.3203425000069,0.872807934182418,0.865600000000007,"Logistic",10
2.58464918503,8.30081782207925,2.58521009435072,86.7270895554755,0.866878091695096,0.859450000000007,"Logistic",10
2.65644499572528,8.53958723913943,2.65676941342348,86.1233659793914,0.860843590315773,0.853200000000008,"Logistic",10
2.72824080642056,8.79354147938508,2.72859962542644,85.5003486879309,0.854616239167677,0.846750000000009,"Logistic",10
2.80003661711584,9.06018924671671,2.80015661870496,84.86382576351,0.848253892859616,0.84015000000001,"Logistic",10
2.87183242781112,9.35266065624204,2.87218177645179,84.2027760278933,0.841646389526296,0.83330000000001,"Logistic",10
2.94362823850639,9.64079773845365,2.94364663723863,83.5242209116695,0.834863911672179,0.826300000000011,"Logistic",10
3.01542404920167,9.96497590379903,3.01583005936365,82.8172371791916,0.827797276414253,0.819000000000012,"Logistic",10
3.08721985989695,10.3208387012932,3.08753188029937,82.0913905661288,0.820542097784136,0.811500000000013,"Logistic",10
3.15901567059223,10.6959188228456,3.15923283542297,81.3390557509654,0.813022157103231,0.803750000000014,"Logistic",10
3.23081148128751,11.1267204186475,3.23090530695137,80.5580809142671,0.805215945923208,0.795700000000014,"Logistic",10
3.30260729198278,11.5676846459299,3.3029407613089,79.7418576959122,0.797057410573395,0.787300000000015,"Logistic",10
3.37440310267806,12.1187835720787,3.37475361581041,78.893671628215,0.788579391496122,0.778550000000016,"Logistic",10
3.44619891337334,12.6101026209117,3.44657795968295,78.0058862127647,0.779705558294466,0.769450000000017,"Logistic",10
3.51799472406862,13.2072546343589,3.51805321228388,77.0837805386744,0.770488677949539,0.760000000000018,"Logistic",10
3.5897905347639,14.0011045844297,3.59005830375718,76.1076158902064,0.760731452704446,0.750000000000019,"Logistic",10
3.66158634545917,14.808922530018,3.66163145482637,75.0756367342568,0.750416335179299,0.739450000000021,"Logistic",10
3.73338215615445,15.680317073058,3.73352752412911,73.982034366685,0.739485264641442,0.728250000000022,"Logistic",10
3.80517796684973,16.7186699739884,3.80531994897378,72.817650436297,0.727846699058891,0.716400000000023,"Logistic",10
3.87697377754501,17.9483879855723,3.87710537575843,71.5770283951916,0.7154460976664,0.703750000000025,"Logistic",10
3.94876958824028,19.4113917730629,3.94888041856446,70.2381523721981,0.702063401466426,0.690150000000026,"Logistic",10
4.02056539893556,21.270240572089,4.02079018117809,68.7724615211252,0.687413131354682,0.675300000000028,"Logistic",10
4.09236120963084,23.7545111407936,4.09249420533501,67.1607672205286,0.671303488025728,0.659000000000029,"Logistic",10
4.16415702032612,27.443363837991,4.16420540496679,65.3315159557728,0.653019260412992,0.640500000000031,"Logistic",10
4.2359528310214,33.6076512315194,4.23605956652133,63.1561861373716,0.631275814720897,0.618550000000034,"Logistic",10
4.30774864171667,45.2312393952985,4.30781188342263,60.3850803199463,0.603577307423955,0.590600000000037,"Logistic",10
